Type,Requirement
PE,The system shall refresh the display every 60 seconds.
LF,The application shall match the color of the schema set forth by Department of Homeland Security
US, If projected  the data must be readable.  On a 10x10 projection screen  90% of viewers must be able to read Event / Activity data from a viewing distance of 30
A, The product shall be available during normal business hours. As long as the user has access to the client PC  the system will be available 99% of the time during the first six months of operation.
US, If projected  the data must be understandable. On a 10x10 projection screen  90% of viewers must be able to determine that Events or Activities are occuring in current time from a viewing distance of 100
SE,The product shall ensure that it can only be accessed by authorized users.  The product will be able to distinguish between authorized and unauthorized users in all access attempts
US,The product shall be intuitive and self-explanatory.  
PE,The product shall respond fast to keep up-to-date data in the display.
F,The system shall have a MDI form that allows for the viewing of the graph and the data table.
F,The system shall display Events in a vertical table by time.
F,The system shall display the Events in a graph by time.
L,All business rules specified in the Disputes System shall be in compliance to the guidelines of Regulation E and Regulation Z.
L,The Disputes application must maintain a detailed history of every action that a user takes on a dispute case.  This ensures a complete audit trail if questions arise later on with regard to a particular dispute case.
L,All actions that modify an existing dispute case must be recorded in the case history.
F,The Disputes System must be accessible by both internal and external users.
F,The Disputes System must prevent users from accessing any dispute cases that do not belong to their cardholder base.
F,The Disputes System will facilitate direct data entry of a dispute case via a user interface that supports real time responses to the users.
F,The Disputes System must provide different levels of access with regard to disputes case initiation and follow-up actions.
F,The Disputes System shall provide view access capability for authorized users of the application.
F,The Disputes System shall provide update access capability for authorized users of the application.
F,The Disputes System must allow the users to select disputable transactions (based on the age of the transaction) from a user interface and initiate a dispute (ticket retrieval request or chargeback notification) on the selected transaction.
F,The Disputes System must provide the user the ability to initiate a single dispute case on multiple transactions that belong to a single merchant.
F,The Disputes System will provide the user the ability to create or initiate a ticket retrieval request.   As part of ticket retrieval creation process the system must prompt the user to enter all the required information to create the ticket retrieval request.  The ticket retrieval request is a document that is sent to merchant inquiring the validity of a transaction.
F,The Disputes System must allow the user to create three unique types of ticket retrieval requests.  The three types of ticket retrieval requests are (1) Request for original receipt (2) Request for a copy of the receipt or (3) Request for a portfolio. A portfolio consists of documentation that would provide proof of a purchase such as the documentation that is received from a car rental agency that is more than a sales receipt.
F,The Disputes System must prevent external users from requesting original receipts. Requests for original receipts are restricted to internal users.
F, The Disputes System must provide a confirmation to the user upon the creation of ticket retrieval request that contains the following information; the dispute case number  the type of retrieval requested (copy  original or portfolio)  and the date that the merchant response is due.
F,The Disputes System shall allow the user to create or initiate a chargeback request.  The system must prompt the user to enter the required information to initiate a chargeback request. The chargeback request results in a printed chargeback notification that is sent to merchant indicating that their account will be charged back if no proof is provided that the disputed transaction is valid.
F, The Disputes System must provide a confirmation to the user upon the creation of a chargeback request. The confirmation must contain the following information; the dispute case number  the type of chargeback requested (pending or immediate)  and the date that the merchant response is due.
F,The Disputes System shall prevent the creation of duplicate dispute requests 100% of the time.
F, The Disputes System shall accurately provide a list of possible reason codes for a given transaction.  The list of possible reason codes must be derived based on the type of transaction and the industry that the merchant belongs to  according to the business rules defined for the Disputes System.
F,The Disputes System must provide the ability to view existing dispute cases.
F, The Disputes System must provide Search functionality.  The search method must include the ability to search by (1) the dispute case number  (2) the merchant account number  (3) the cardmember account number and (4) the issuer number.  In addition to the above criteria  the search functionality must further allow the user to limit the results of the search by a date range  the type of dispute (ticket retrieval request or chargeback notification)  the case status (open  closed or all) and the dispute reason code.
F,A list of all disputes cases that meet the entered search criteria must be provided to the user.  The list of cases must differentiate the type and/or status of the case by color -coding the line item in the list.  For example all open cases will be yellow and all closed cases will be gray.
F,The Disputes System shall provide the users the ability to view the history of all activities that have occurred on the dispute case.
F,The Dispute System shall provide the users with the ability to follow up on a dispute case via follow-up actions.  The list of available follow up actions for a given dispute case must be filtered by the status of the case and the access level of the user.
F, The Disputes System shall record the name of the user and the date for any activity that creates or modifies the disputes case in the system.  A detailed history of the actions taken on the case  including the date and the user that performed the action must be maintained for auditing purposes.
F, For any systematic (non-user initiated) action that occurs on a case such as the disputes aging process  a case activity will be generated.  Upon the next logon the user that initiated the dispute case must be notified that a systematic action has occurred on the dispute case.
F,All letter requests must be formatted according to guidelines specified by the Print Letter Utility system.
F,Any disputes cases that have been closed for over 6 months must be purged from the online disputes database.
O,The product must support Internet Explorer 5.5 and above.
O,The product must support Mozilla Firefox 1.0 and above.
O,The product shall interface with the Choice Parts System.  This provides the feed of recycled parts data.
O,The product shall run on the existing hardware for all environments.
O,The product shall adhere to the corporate Architecture guidelines
LF,The product shall comply with corporate User Interface Guidelines
LF,The product shall comply with corporate color scheme
LF,The appearance of the product shall appear professional
PO,The software product is expected to run on Windows or Linux platforms.
US,The product shall be easy to use by Adjusters and Collision Estimators.  95% of Adjusters and Collision Estimators shall find the product easy to use.
US,The product shall increase productivity of Collision Estimators. 80% of the Collision Estimators shall agree their productivity has increase within 1 month of using the product.
US,Users shall feel satisfied using the product.  85% of all users will be satisfied with the product.
US,The product shall be easy to learn by Adjusters and Collision Estimators.  The product shall be learned with two days onsite training
US,The user shall easily locate instructions while using the product.  User help can be found within 90% of the system.
PE,The search for recycled parts shall take no longer than 15 seconds.  The search results shall be returned in under 15 seconds.
PE,The search for the preferred repair facility shall take no longer than 8 seconds.  The preferred repair facility is returned within 8 seconds
PE,The recycled parts audit report shall be returned to the user within 10 seconds.  The audit report shall be returned within 10 seconds.
PE,The preferred repair facility ratings shall be saved within 5 seconds. The save shall occur within 5 seconds.
A,The product shall adhere to the corporate online availability schedule.  The application is brought down only within 98% of the scheduled outages per the availability schedule.
A,The product shall achieve a 98% uptime. The product shall not fail more than 2% of the available online time.
SC,The product shall be able to handle up to 1500 simultaneous users. The system shall perform with 1500 users as a time.
SC, The average number of recycled parts records per day shall be 50 000.
SC, The product shall be able to handle 10 000 concurrent users within 2 years of the initial launch.
O, For estimators  the product shall be able to be operated in a repair facility during dirty and noisy conditions.
O,The product shall interface with the ChoiceParts system once per day at approximately 1
O,The maintenance of the product will fall within the established corporate maintenance windows.
O,The product shall be supported using the corporate support center.
O,Product installations and upgrades shall be handled by the middleware technology team within established launch time frames.
SE,Only adjusters can request recycled parts audit reports. No users without an adjuster role shall request recycled parts audits.
SE,Only adjusters with a supervisor role can update preferred repair facility ratings. Users without the supervisor role cannot access the repair facility ratings.
SE,Only collision estimators shall search for recycled parts.  Users without the collision estimator role shall not have access to the search for recycled parts.
SE,Only valid data shall be entered into the system.  No invalid data shall be entered into the system.
SE,One insurance company shall not be able to view another insurance companys claim data.
SE,The product shall free of computer viruses.
SE,The system shall prevent malicious attacks including denial of service.
L,The product must comply with Sarbanes-Oxley.
L,The product shall comply with the estimatics laws relating to recycled parts usage.
L,The product shall comply with insurance regulations regarding claims processing.
F, The user shall search for the preferred repair facility using vehicle  vehicle location  and radius in miles
F, The vehicle data shall include vehicle year  make  and model
F, The vehicle location shall include street address  city  state  and zipcode
F, The system shall resolve the zipcode for the street address  city  and state if zipcode is unknown.
F,The search radius shall be between 1 and 30 miles
F,The system shall locate the preferred repair facility with the highest ratings for the input criteria
F,The adjuster shall enter the preferred repair facility on the estimate assignment.
F,The adjuster shall be able to override the preferred repair facitlity on the estimate assignment.
F,The preferred repair facility shall be returned to the user.
F,The system shall return a list of repair facilities within the radius if the preferred repair facility cannot be determined.
F,The estimator shall search for available recycled parts using damaged vehicle parts information.
F,The estimator shall search for available recycled parts using a list of preferred parts suppliers.
F,The system shall search for available recycled parts for the supplied vehicle parts and suppliers.
F,The estimator shall search by zipcode with a radius of 30 miles if no parts are found for the preferred parts suppliers
F,The system shall retain the available recycled parts and suppliers returned from the search.
F,The available recycled parts information and their suppliers shall be returned to the user.
F,The estimator shall apply selected recycled parts to the collision estimate.
F,The estimator shall not apply recycled parts to the collision estimate if no available parts are returned.
F,The adjuster shall review the collision estimate.
F,The adjuster shall request a recycled parts audit of the collision estimate.
F,The recycled parts search results provided to the estimator shall be retrieved by the system.
F,The system shall generate an audit report based on the available recycled parts and the collision estimate.
F,The audit report shall include the total number of recycled parts used in the estimate.
F,The audit report shall include the number of available recycled parts from the original search results.
F, The audit report shall include the percentage of available recycled parts used in the estimate
F,The audit report shall include the total score of the audit which sums the indivual line items.
F,The audit report shall be displayed to the user.
F,The audit report shall be available to other adjusters at later points in time.
F,The user shall select to view the preferred repair facility ratings.
F,The current repair facility ratings shall be displayed to the user.
F,The system will display a blank set of ratings if there are not ratings yet defined.
F,The user shall enter new ratings based on the audit report
F,The ratings shall be from a scale of 1-10
F,The ratings shall include categories for attempted use of recycled parts and actual use of recycled parts
F,The user shall select to save the preferred repair facility ratings.
F,The preferred repair facility ratings shall be saved by the system.
O, The product must work with most database management systems (DBMS) on the market  whether the DBMS is colocated with the product on the same machine or is located on a different machine on the computer network.
O,The product will function alongside server software on any operating system where the Java runtime can be installed.
O,The product will require collaboration with a database management system (DBMS).  The DBMS may be located on the same machine as the product or on a separate machine residing on the same computer network.
O, The product must make use of web/application server technology.  Open source examples include Apache web server  Tomcat  and the JBoss application server.
O, A database management system such as Oracle  DB2  MySql or HSQL will need to be integrated with the product.
LF, The product s Look and Feel shall be able to incorporate aspects of the customer s organization such as logo  branding  and identity
LF,The product shall have a conservative and professional appearance.
US,The product shall make the users want to use it. 80% of the users surveyed report they are regularly using the product after the first 2 weeks post-launch.
US,The product shall be easy to use. 90% of users will be able to successfully reserve a conference room within 5 minutes of product use.
US,The product shall give users feedback when necessary. 80% of the users surveyed report that the product accurately confirms their actions.
US,The product shall allow the user to select a chosen language from one of the target market countries.
US,The product shall allow for customization of start page and views preferences.
US, An employee will be able to successfully use the product within a few minutes.  After informally navigating the product for less than 15 minutes  users shall be able to successfully setup meetings and reserve conference rooms.
US,The product shall use a standard navigation menu familiar to most web users.
US,The product shall allow for intuitive searching of available conference rooms.
US,The product shall conform to the Americans with Disabilities Act.
PE,The response shall be fast enough to avoid interrupting the user s flow of thought.  90% of tasks shall complete within 5 seconds.  98% of tasks shall complete within 8 seconds.
A, Aside from server failure  the software product shall achieve 99.99% up time.
FT,The product shall create an exception log of problems encountered within the product for transmission to our company for analysis and resolution.
SC, The product shall be capable of handling up to 1 000 concurrent requests.  This number will increase to 2 000 by Release 2.  The concurrency capacity must be able to handle peak scheduling times such as early morning and late afternoon hours.
SC, The product shall be able to process 10 000 transactions per hour within two years of its launch.  This number will increase to 20 000 by Release 2.
SC,The product shall be expected to operate for at least 5 years for each customer installation.
O,The product shall be used in office environments.
O,The product must be able to interface with any HTML browser.  The product shall transmit data between the user and the product without problems. The product shall display HTML properly in 80% of all HTML browsers tested (minimum is to test 8 browsers).
O,The product must be able to interface with various database management systems. The product shall communicate successfully with the database management system on 100% of all transactions.
O,The product must be able to interface with various email servers. The product shall be able to send email.
O,The product shall be available for distribution via the Internet as a binary or ZIP file.
O,The product shall be available for distribution as a packaged CD.
O, The product will be available for licensing as a one-server  two-five servers  or five-or-more servers license.
US,A new user must be able to be added to the system within 10 minutes.  90% of new users are able to log into the system within 10 minutes.
MN,The product must be designed using Design Patterns and coding best practices.  90% of maintenance software developers are able to integrate new functionality into the product with 2 working days.
MN,The product must be highly configurable for use with various database management systems for the end users.  80% of end users are able to integrate new database management systems with the product without changing the product s software code.
MN,Maintenance releases will be offered to customers once a year.  The releases shall take no longer than 5 minutes for 80% of the customer base to install.
US,Every registered user will have access to the product s support site via the Internet.  70% of registered users shall find a solution to their problem within 5 minutes of using the support site.
MN,The customer shall be able to easily integrate new building maps with the product throughout the product s lifecycle.  Integration of new maps with the product shall be possible with little to no support from product support staff.
US, The product shall be translated into foreign languages other than the target market countries  languages in future releases.  For each emerging target market  it shall take no more than 5 days to configure the product for that market s language.
O, The product is expected to integrate with multiple database management systems.  The product will operate with Oracle  SQL Server  DB2  MySQL  HSQL  and MS Access.
O,The product shall be able to be installed in any operating environment within 2 days.
SE,The product shall ensure that only company employees or external users with company-approved user IDs may have product access.  100% of all logons shall be by either company employees or external users with company-approved user IDs.
SE,Only managers are able to perform search queries for reservations by user.  100% of all search queries for reservations by user shall be from logons of only management logons.
SE,The product shall ensure that the database s data corresponds to the data entered by the user.  Each conference room reservation in the system will contain the same information as was entered by the user.
SE,The product shall prevent the input of malicious data.  The product and/or adjacent hardware/software systems  data shall remain 100% uncorrupted each time malicious data is input into the product.
FT,The product and/or dependent databases/filesystems shall remain operational as a result of the input of malicious data.  The product and/or dependent databases/filesystems shall not crash 100% of the time that malicious data is input into the product.
SE,The product shall have the ability to receive automatic software updates as new threats emerge.  100% of customers will be able to receive automatic software updates transmitted to the installed product.
SC,The language of the product shall accommodate all of the target market countries. 90% of survey respondents from each target market country will find that the language of the product is acceptable.
US,The product shall be able to display calendar dates and times according to the user s locale.  90% of survey respondents from each target market country will find that the date and time formatting of the product is correct.
O,The product must be developed with the J2SE/J2EE programming language libraries
F,The product shall record meeting entries.
F,The product will notify employees of meeting invitations.
F,The product shall have the ability to send meeting reminders to employees.
F,The product shall assign the organizers contact information to each meeting they create.
F,The product will record meeting acknowledgements.
F,The product shall store new conference rooms.
F,The product shall update existing conference rooms.
F,The product will be able to delete conference rooms.
F,The product shall be able to store new room equipment.
F,The product will update existing room equipment.
F,The product shall be able to delete room equipment.
F,The product shall allow an organizer to invite other employees to meetings.
F, Each time a conference room is reserved  the conference room schedule shall be updated to reflect the time and date of the reservation.
F,The product shall record the transportation status of equipment reserved.
F,The product shall display a map of the company building showing conference room locations.
F,The product shall record updated meeting agendas.
F,The product shall send a meeting confirmation to the meeting organizer.
F,The product shall display room equipment according to search parameters.
F,The product shall display conference rooms according to search parameters.
F,The product shall record different meeting types.
F,The product shall record all the equipment that has been reserved.
F,The product shall notify building personnel of equipment transport requests.
F,The product will allow priviledged users to view meeting schedules in multiple reporting views.
F,The product shall be able to send meeting notifications via different kinds of end-user specified methods.
F,The product shall have a customizable Look and Feel.
F,The product shall have an intuitive user interface.
F,The product will display an available status for unreserved conference rooms.
PE,Recreation of Inventory Quantity Adjustment for the period of previous 30 days shall take no more than 30min.
PE,The System shall allow for a minimum of  6 users to work at the same time.
O,The System shall utilize currently owned computer equipment.
O,The System shall be able to automatically backup business data and restore them on demand.
SE,The System shall maintain consistent security.  Any changes in user passwords and/or permissions should take affect in all parts of the System.
SE,The System shall granularly control access rights to all major subsystems.  It should be possible to assign access rights to all subsystems independently.
L,The System shall meet all applicable accounting standards.  The final version of the System must successfully pass independent audit performed by a certified auditor.
O,The System shall not require additional third party licenses resulting in royalty fees.
F,The System shall allow generation of Inventory Quantity Adjustment documents on demand.
F,The System shall allow on demand generation of all Inventory Quantity Adjustment documents since certain point of time.
F,The IQA subsystem shall take into account current inventory status and adjust inventory of substitutionary ingredients accordingly.
F, The System shall allow entering  storing and modifying product formulas.
F, Product formulas shall allow use of semi-products  which have own formulas.
F,Product formula ingredients shall allow defining substitutionary ingredients.
F,Product formula substitutionary ingredients shall be entered automatically by the PFE subsystem.
F,Formula substitutionary ingredients shall be kept in persisted order
F, Product shall allow entering  storing and modifying product menus used by POS terminals.
F,PME Subsystem shall allow building product menus based on the list of products kept in the accounting system.
F,PME Subsystem shall allow keeping submenus within menus and products within submenus in a managed and persisted order.
F,PME Subsystem shall allow for a product to exist in more than one submenu
F,The RMS System shall have Windows XP look and feel and use GUI futures making its use intuitive.
F,The System shall generate Inventory Quantity Adjustment document based on product daily sales data and product formulas.
F,The System shall generate Inventory Quantity Adjustment document automatically when daily Product Sales data is available.
PE,Administrator shall be able to activate a pre-paid card via the Administration section in under 5 seconds.
PE, Customer shall be able to check the status of their prepaid card  by entering in the PIN number  in under 5 seconds.
PE,System shall let customers register on the website as a  pay as you go  user in under 5 minutes.
PE,System shall let customers register on the website as a  unlimited movie subscriber  user in under 10 minutes.
PE,System shall let existing customers log into the website with their email address and password in under 5 seconds.
PE, System shall let customers cancel their account  process shall take no longer than 2 minutes.  Database will mark the account as inactive  and user will not be able to log into the website.
PE,System shall let administrator de-activate a customer account in under 1 minute. Customer will no longer be able to access the website.
PE,System shall let administrator add/remove movies on the website in under 5 minutes.  Entered movie information will be stored in the database and will now be available on the website.
PE,System shall let the administrator add/remove categories on the website in under 5 minutes.
PE,System shall let Izogn Manager access sales and usage statistics in under 2 minutes.
PE,System shall let administrators generate unique pre-paid pins in under 2 minutes and generate an Excel file with the generated PINs.
LF,The website shall be attractive to all audiences.  The website shall appear to be fun and the colors should be bright and vibrant.
LF, The website should have an African feel  but should not alienate non-Africans.  The website should use animation on pages which are describing the services  to grab the users attention and encourage them to sign up.
LF, The website design should be modern  clean  and concise.
US,The product should be able to be used by 90% of novice users on the Internet.
US, Users should only have to navigate through a maximum of 4 pages  to create an account with the website.
US,Users should be able to access their streaming movies in under 2 clicks after logging into the website.
US,An anonymous survey will show that 70% of customers are comfortable purchasing streaming movies after 2 weeks using the website.
US,An anonymous survey will show that 95% of customers are comfortable using and purchasing pre-paid cards after a month of using the system.
US,The product shall retain the customer s buying preferences and information.
US,The product shall be easy for customers with novice skills on the  Internet to purchase and watch streaming movies.  Customers should be able to purchase and watch a pre-determined movie in under 3 minutes.
US,The product shall use symbols and words that are naturally understandable by users familiar with websites
US,The website will use standard Internet conventions when interacting with the user.
PE, Any interface between a user and the automated system shall have a maximum response time of 5 seconds  unless noted by an exception below.
PE, When purchasing a streaming movie or pre-paid card via credit card  the processing time should have a maximum response time of 15 seconds.
PE, When streaming a movie  the buffering time should take no longer than 10 seconds (plus any latency on the user s connection.)
PE, While streaming a movie  buffering should only occur if there is latency in the user s connection.
SE, All credit card information will be secured on the server  and only accessible by authorized Izogn administrators.  Information will be encrypted in the database.
A, The website shall be available for use 24 hours per day  365 days per year.
A,The website shall achieve 99.5% up time.
A, All movies shall be streamed on demand  at any time of the day.
FT,The website shall continue to operate if the streaming server goes down.
FT,The website shall continue to operate if the payment gateway goes down.
SC,The streaming server will support 50 simultaneous streaming connections.
SC,The streaming server will support a maximum of 700 movies; new servers can be added to support more movies.
SC, The server will support a maximum of 1 000 simultaneous users.
SC, The website shall be capable of supporting 100 000 customers.
MN,The product shall be expected to operate within the maximum maintenance budget for a minimum of 2 years.
O,All aspects of the website shall be accessed by a web browser over the Internet.
O,The same hardware supporting the current website will be used to support the new system.
O, We must be able to interface with the following browsers
O,Website must interface with the CyberSource API to process credit card transactions.
O,Website must be fully operational with MSN TV2.
O,Movies shall be encoded and streamed via Windows Media Player 9.0.
O,Movies shall be encoded for 56k and 256k streams.
MN,Promotional updates to the website should take a day to update.
PE,Izogn Administrator must be able to update the category listings on the website within 2 minutes.
PE,Izogn Administrator must be able to add new products to the website within 2 minutes.
A,The system will provide a 24 hour 800 toll free number for support to its customers.
US,The website will provide a help section with answers and solutions to common problems.
A, Velkat staff will be available for phone support between 7am-7pm  M-F to provide technical support to the Izogn administrators.
O,The product shall be able to be installed in the specified environment within 1 working day.
SE,Only registered customers can purchase streaming movies.
SE, A customer can only stream a movie if they purchased it  and are within the 2 day viewing period.
SE,Only authorized personnel can access customer records in the database.
SE,Only administrators can activate a pre-paid card.
SE,Only authorized personnel can access sales information.
SE,The website shall prevent its data from being corrupted when incorrect data is entered in.
SE, The website shall protect itself from intentional abuse  and notify the administrator at all occurrences.
SE,Data integrity scripts will be run on a weekly basis to verify the integrity of the database.
SE, The website shall make its user aware of its information practices before collection data from them via a Privacy Policy  accessible on all pages of the website.
SE,The system shall notify customers of changes to its information policy.
SE,The system shall reveal private information only in compliance with the organization s information policy.
SE, All customer information will be stored on a secure database  accessible only to authorized personnel.
SE,All credit card information will be encrypted in the database.
SE,The streaming server will have anti-virus software to prevent infection of malicious viruses.
LF,The website should cater to all tribes in Nigeria.
LF,The website shall not be offensive to religious or ethnic groups.
LF, The website should appeal to all Africans  not only Nigerians.
O,The website should use Flash to provide animation on the home page.
L,IzognMovies shall meet the licensing requirements set forth by the appropriate organizations in order to stream African movies.
L,The website will comply with W3C standards.
L,The PHP code will comply with PEAR standards.
F, The website will allow customers to search for movies by title  actor  or director.
F, viewing a movie details  the website will display the movies description  actor  and director entered in by the administrator.
F, Website shall request  and authorize credit card payment before allowing a user to stream a movie.
F, shall be able to stream purchased movie via Windows Media Player  for up to 2 days aftere purchase date.
F,Website shall allow customers to browse movies by categories entered in by izogn administrator.
F,Website shall allow customers to view reviews of selected movies by other customers.
F,Website shall allow customers to add their own movie review for a selected movie.
F,Website shall allow the Izogn administrator to approve a review posted by a customer.
F,System will allow customers to pay for a streaming movie with a pre-paid card.
F, Website shall allow customers to purchase pre-paid cards of $5  $10  or $20 value either by credit card or mail-in payment option.
F, System shall automatically update the main page of the website every Friday  and show the 4 latest movies that have been added to the website.
F,System shall allow users to update their billing and contact information via the  My Account  section of the website.
F, Pre-paid cards shall be distributed via email  or via a printed paper card.
F,Only registered customers can purchase streaming movies.
F, Movies can only be streamed if the customer has purchased a movie  and is within the 2-day time period to stream the movie.
F,Website must be able to support free trial periods with various parameters set by the Izogn Manager.
F, All streaming movie sales will be logged in the database  and accessible by the administrator.
F, All registered customer information shall be stored and maintained in the database  even after the customer cancels their account.
F, Daily usage statistics should be logged  and accessible by the administrator.
F,The owner shall have free access to all of the streaming movies.
PE,Total lead cycle time must be completed in 5 minutes for 90% of lead volume between the business hours of 8AM CST to 8PM CST; then 3 minutes for 99% of lead volume during off business hours.
PE,No lead evaluation will complete in a time period longer than 25 seconds for 97% of all leads processed.
PE,For leads that process longer than 25 seconds the system will record the event and duration
PE,The process must fit within the processing time conditions set forth by the Auto Rep Assignment process in which a lead is assigned within 3 minutes of the total life cycle.
O,The lead washing process will operate within the established physical web service structure.
O, The washing process must use a non binding  neutral data format  such as xml  when receiving and processing lead data.
A,Defect reports will be available to technical units on a 24x7 basis.
MN,Washing parameters will be updated during scheduled maintenance hours.
F,The vendor will verify the invalid lead.
F,Vendor will submit a credit validation record to be applied to the enterprise billing system.
F,If a lead is scored to the high range the system will supply the lead data and score to the enterprise system.
F,The leads washing functionality will validate all leads received by the web service for valid data
F,The leads washing functionality will insert all leads captured by the web service.
F,If the leads score falls within the high average score then it will be process by the ARA functionality.
F,If the leads score falls within the medium average then it will be set for manual verification by an Enrollment Coordinator through the eleads system.
F,If the leads score falls within the low average then it will be returned to the supplying vendor
F,The leads washing functionality will compile both contact and academic scoring information for a total score.
F,The leads washing functionality will use the parameters supplied by corporate and schools to score part of the lead.
F,The leads washing functionality will return the lead data supplied to the vendor along with the reason of rejection.
F,The leads washing functionality will have an interface in which lead data parameters can be maintained.
F,The leads washing functionality will verify the users authentication and rights to make parameter updates.
F,The leads washing functionality will store any potential lead duplicates returned by the enterprise system.
F,Prior to submitting the lead to the enterprise system the leads washing functionality will assign the lead to an admissions rep.
F,The leads washing functionality shall receive a period list of available reps from the enterprise system.
LF,The product shall simulate the look of ships at sea.
LF,The product shall display the grids within a circle as a view from a periscope.
LF,The product shall display each type of ship in a grid using an image of the specific type of ship.
LF, When the offensive player takes a shot  the product shall simulate the sound of a ship at sea.
LF, When a shot is marked as a miss  the product shall simulate the sound of a shot missing its target.
LF, When a shot is marked as a hit  the product shall simulate the sound of a shot hitting its target.
LF, When a ship is sunk  the product shall simulate the sound of a sinking ship.
A, The product shall be available 24 hours per day  seven days per week.
PE,The product shall able to handle a large number of games simultaneously.
PE,The response time shall be fast enough to maintain the flow of the game.  The response time shall be no more than 2 seconds for 95% of responses and no more than 4% for the remaining responses.
PE,The product shall protect the identity of the players. The product shall provide players no access to information that might reveal the identity of another player.
US,The product shall be intuitive and self-explanatory.  Nine out ten users shall be able to successfully complete a game with no training.
US, The product shall be available to players who understand English  Spanish and French.  The product shall allow the user to select the language upon accessing the product.
SE,The product shall provide players no access to information that might reveal the identity of another player
PE,The response time shall be fast enough to maintain the flow of the game. The response time shall be no more than 2 seconds for 95% of responses and no more than 4% for the remaining responses.
F,The product shall maintain a list of players.
F,The product shall allow a user to identify himself or herself as a player.
F, Once a game has been initiated  the product shall make the players assigned to the game unavailable for selection from the list of players.
F,The product shall allow a user to remove himself or herself from the list of players at any time.
F,The product shall make inactive players unavailable for selection from the list of players.
F,The product shall remove players who have been inactive for 24 hours from the list of players.
F,The product shall allow a player to initiate a game by selecting another available player from the list of players.
F, Once a game is initiated  the product shall display a defensive grid to each player
F, Once a game is initiated  the product shall display an offensive grid to each player.
F,The product shall prevent a player from viewing the offensive or defensive grids of the other player.
F, Once a game is initiated  the product shall allow each player to position their 5 ships on their respective defensive grids.
F,The product shall allow a player to position ships horizontally on their grid.
F,The product shall allow the player to position ships vertically on their grid.
F,The product shall allow the player to position ships diagonally on their grid
F,The product shall prevent the player from overlapping ships on their grid.
F, When both players have positioned their 5 ships on their defensive grids  the product shall define the status of each player for the first turn.
F, For each turn  the product shall identify one player as offensive status and one player as defensive status.
F, The product shall maintain the status of each player for a turn  either offensive or defensive.
F, At the start of each turn  the product shall notify each player of his or her status.
F, For each turn  the product shall allow the offensive player to define a shot.
F, For each shot  the product shall examine the defensive grid of the defensive player to determine whether the shot was a hit or miss.
F, For each shot  the product shall notify the players whether the shot was a hit or miss.
F, For each shot  the product shall mark the shot as a hit or miss on the defensive grid of the defensive player.
F, For each shot  the product shall mark the shot as a hit or miss on the offensive grid of the offensive player.
F,When the hit results in sinking a ship  the product shall notify the players that the ship was sunk.
F,When the hit results in sinking a ship  the product shall mark the ship as sunk on the defensive grid of the defensive player.
F,When the hit results in sinking a ship  the product shall indicate the type of ship sunk on the defensive grid of the defensive player.
F,When the hit results in sinking a ship  the product shall mark the ship as sunk on the offensive grid of the offensive player.
F,If the shot was marked as a hit  the product shall allow the offensive player to define a shot.
F,If the shot was marked as a miss  the product shall change the status of the offensive player to defensive
F,If the shot was marked as a miss  the product shall change the status of the defensive player to offensive
F,The product shall continue to assign turns until the game is ended.
F,The product shall end a game when a hit by the offensive player results in sinking the last of the defensive player s ships  which had not been previously marked as sunk.
F,The product shall allow a player to end a game at any time during the game.
F,When a game is ended  the product shall notify the players that the game is ended.
F,The notification of the game ending will include the reason the game is ended (i.e.  a player has won the game or a player has ended the game).
F,When a game is ended  the product shall allow each player to identify himself or herself as an available player in the list of players.
F,When a game is ended  the product shall allow each player to remove himself or herself from the list of players.
US,The system shall be easy to use by callers and supervisors. Callers and supervisors must be able to accomplish any system task within 2 minutes.
US,The system shall be easy to learn by callers and supervisors. Callers and supervisors shall learn how to use the system within 10 minutes.
PE,The system shall be responsive. At the DePaul TeleServices Center  when a supervisor uses the system to view a callers schedule  the system response time must be no more than 2 seconds 90% of the time and no more than 5 seconds the rest of the time.
PE,On a 56k connection  the system response time for all operations must be no more than 6 seconds 90% of the time.
PE,On a 112k connection or faster  the system response time for all operations must be no more than 3 seconds 90% of the time.
A,The system shall have high availability every day of the year.The system must be available for use between 12
A,The system must be available for use between 7
MN,The product shall be internet browser independent.The product must run using Internet Explorer and Netscape Navigator.
SE,The product shall ensure that only supervisors can advertise empty time slots.The product must ensure that supervisors are allowed to access advertise empty time slots.
SE,The product shall ensure that only supervisors can enter a caller s schedule.The product must ensure that supervisors are allowed to access advertise empty time slots.
SE,The product shall ensure that only supervisors can view schedule of all callers.The product must ensure that supervisors are allowed to access advertise empty time slots.
LF,The interface shall have a simple look. In the interface and usability survey  90% of beta testers must report that the interface is adequately simple.
LF,The interface shall be appealing to callers and supervisors. In the interface and usability survey  80% of beta testers must report that the interface is appealing.
LF,The product shall provide GUI based Monitoring Services.System Administrators shall monitor message exchanges will predict and determine problems and will also provide internal and external support.
LF,The product shall comply with City of Chicago Application Development Guide Framework.Application Development Framework will provide structured Graphical User Interface.
US,The product shall provide Monitoring Services.The product shall be easy for System Administrators and DBAs to use after two weeks of usage.
US,The product shall provide Error Tracking Services.The product shall help the System Administrators and DBAs to resolve transaction errors 99% of the time.
US,The product shall provide Portals.The product shall help System Administrators to analyze the transactions with ad-hoc reporting and KPIs (Key Performance Indicators)
PE,The product shall provide Asynchronous Messaging.The product shall provide asynchronous messaging to enable parallel processing and reduce the overhead in communications
PE,The product shall provide Multi-threading and Load Balancing.The product shall provide multi-threading technology as well as load balancing to overcome data load spikes and traffic.
PE,The product shall process messages within 2 seconds.The product shall have a maximum message processing time of 2 seconds
PE,The product shall poll the system for messages every second.The product shall poll the system for new messages at a maximum of every 1 second.
PE,The product shall provide Dynamic Change Support and Transparent resource addition.The product shall support Transparent Resource addition and Dynamic Change support to provide scalability and avoid service interruptions of more than 1 day.
A,The product shall be available 99% of the time. Rationale
FT,The product shall be robust.The product shall have fault avoidance based on standards adoption.
FT,The product shall be robust with fault tolerance.The product shall have fault tolerance by using recovery technique compensatory transaction and routing around failures.
SC,The product shall be able to process all transactions.The product shall process minimum of 1 million transactions per year.
O,The product shall be platform independent.The product shall enable access to any type of development environment and platform.
O,The product shall interface CSR and Datastream.The product shall exchange messages between CSR and EAM on a real time basis without any direct interfaces between two systems.
MN,The product shall continue to operate during upgrade  change or new resource addition.The product shall be able to continue to operate with no interruption in service due to new resource additions.
MN,The product shall be updated on a regular basis.The product will have a new major feature introduced every six months and quarterly maintenance releases every six months.
MN,The product shall operate with every platform.The product shall accommodate any new technology without any change in its architecture.
SE, The product shall have security.The product shall provide authentication  and authorization.
SE,The product shall information Security. The product shall enable privacy by encryption WS-Security and Integrity Checking.
SE,The product shall have audit capabilities.The product shall store messages for a minimum of one year for audit and transaction tracking purposes.
LF,The system shall use IBM and CCR branding standards. The interface must have one IBM logo and one CCR logo.
LF,The system shall be displayable on any work computer a CCR user may have. The system interface shall be formatted to display at 800 by 600 pixel resolution.
LF,The system interface will use CCR nomenclature. The system must use the same nomenclature used in the existing WCS system and reports
LF,The interface must summarize the data in a fashion that s appealing to CCR management. Every report type must have at least one high level summary shown in the results dashboard/interface
US,The system must use a point and click interface. 100% of all selection and navigation functionality must be able to be activated/selected by either a mouse or a keyboard
US,The interface shall be easy to use. 90% of users should be able to successfully use the system to generate a report on their first use. The interface should adhere to IBM usability standards.
US,Rreports must be easy to generate. eports must be generated within one button click and exported within one button click (after selecting the report)
US,A user shall be able to use the system without instruction after a short amount of time. After one use a user should understand and remember 90% of the system usage and navigation.
US,All CCR users shall receive training before the WCS system is deployed. One training session will be held for 100% of CCR users before system deployment (based on a CCR user being available)
US,The WCS system shall use appropriate nomenclature and terminology as defined by the Corporate Community Grants organization. All interfaces and reports will undergo usability tests by CCR users.
A,The WCS system shall be available at all times as long as IBM s internal intranet W3 is accessible. The WCS system will be available 95% of the time IBM s internal intranet W3 is available.
SC,The WCS system shall have the ability to connect other designated WCS databases currently not included in the system.
SC,The WCS system shall have the ability to include data for regions outside the United States and be accessed by users outside of the United States if approved by CCR management.
O,The WCS system shall be run in a Windows environment. The WCS shall be accessed by users through the Internet on an IBM computer running a Windows 2000 or above operating system.
O,The Brio portion of the WCS system must be able to export files in spreadsheet form (Microsoft Excel and Lotus 1-2-3 formats).  Brio will provide buttons in the user interface that produce/export reports in .xls or .123 file formats.
MN,The WCS system must run queries to the WCS databases once again (on a specified day) to update the available data available to CCR users. Queries must be made to external databases for data refresh once a week.
MN, All changes  updates  and additions to the WCS system shall be updated in the WCS Developer and WCS User Guides. Every change must be reflected in WCS system documentation
SE,The system shall only be accessed by authorized Corporate Community Grants (CCR) employees. Users must be authenticated using their IBM intranet user name and password.
SE,The WCS system shall not allow automatic logins by any user. Cookies containing WCS login information about a user will not be stored on a user s computer.
SE,Each team owner will need to use a username and password in order to be authenticated to reach the team owner s page
SE,The Commissioner will be the only authorized user per league to adjust league settings.
LF,Each page shall contain a navigation menu which shows the index into which the current page is contained.
LF,Each page shall contain a similar format with action items in one location and navigation buttons in a different location.
LF,The message board shall contain the 5 most recently posted messages on the league page. The messages will contain up to the first 150 characters of the message.
US,A new user shall be able to navigate through the league and team pages within 30 seconds of reaching the start-up page.
US,Users shall be able to reach the  add    drop   and  trade player  pages with one click from the team owner s page.
US,Users shall be able to view at least 25 NFL player statistics and points on each page.
US,The application shall ask the user to confirm dropping a player or trading a player before performing the action.
PE,The application shall be able to complete every user transaction within one fourth of a second of receiving the request over the network.
A,The application shall have a downtime of at most 10 minutes per year.
O,The application shall run on a web application server.
PE,The maximum wait time for a user navigating from one screen to another within the Disputes application shall be no more than 5 seconds.
PE,The Disputes application shall support 350 concurrent users without any degradation of performance in the application.
O, The Disputes application shall be available 24x7x365  with the exception of the following scheduled maintenance windows.  Monday   Saturday 3
O,The Disputes application shall interface with the Statement Database. The Statement Database provides the transaction details to the Disputes System. All transaction details must be obtained from the Statement Database
O,A primary database will be used to store cached data for active users.
A,The system shall achieve 95% up time.
LF,The system shall have a professional appearance
LF,The product shall have a consistent color scheme and fonts.
US,The system shall be used by realtors with no training.
US,The system shall be intuitive and self explanatory.
US,The product shall be easy for a realtor to learn.
US,The product shall use symbols and words that are naturally understandable by the realtor community.
PE,The product shall produce search results in an acceptable time
PE,The search results shall be returned no later 30      seconds  after the user has entered the search criteria
PE,The product shall generate a CMA report in an acceptable time.
PE,The CMA report shall be returned no later 60 seconds after the user has entered the CMA report criteria.
PE,The product shall synchronize contacts and appointments in an acceptable time.
PE,The product shall synchronize with the office system every hour.
A, The product shall be available for use 24 hours per day  365 days  per year
A, Out of 1000 accesses to the system  the system is available 999 times.
FT,The product shall operate in offline mode whenever internet connection is unavailable.
FT, The product shall allow the user to view previously downloaded search results  CMA reports  and appointments.
FT,The product shall retain user preferences in the event of a failure.
FT,100% of saved user preferences shall be restored when system comes back online.
SC,The product shall be able to support multiple remote users
SC,The product shall be able support 1000 simultaneous users.
SC,The product shall be capable of handling the existing 1000 users. This number is expected to grow 5 times within the next year.
US,The product shall be installed by an untrained realtor   without recourse to separately-printed instructions.
US,90% of untrained realtors shall be able to install the product on their device without printed instructions
PO,The product is expected to run on Windows CE and Palm operating systems.
SE,Only registered realtors shall be able to access the system.
SE,Every user of the system shall be authenticated and authorized.
SE,The product shall prevent its data from incorrect data being introduced.
F,The system shall allow a real estate agent to query MLS information
F,The user shall be able to get driving directions to a selected property
F,The user shall be able to download appointments and contact information for clients
F,The system shall display clear property images in the search results
SC,system shall be able to handle all of the user requests/usage during business hours.
SC,The system shall cater to 10 simultaneous users from 9am to 5pm.
SC,The system shall be capable of processing 100% of nursing students and their classes for the next 10 years.
SC,The system shall be expected to manage the nursing program curriculum and class/clinical scheduling for a minimum of 5 years.
O,The system shall able to operate within a business office environment typical of the Nursing Department at DePaul University.
O,The system shall be used within the specifications defined by the computers used by the Program Administrators/Nursing Staff Members.
O,A secondary database will be used to store historical statistics and data.
F,The system shall be able to call the seller or buyer to schedule an appointment
F,The realtor shall be notified of new client appointments after automatic synchronization with office system
F,The realtor shall be able to retrieve a map showing property locations for a specified area
F,The system shall notify the realtor when a seller or buyer responds to an appointment request
F,The product shall allow the user to save the property search results.
US,The system shall be easy to use by the Program Administrators/Nursing Staff Members.
US,All of the users shall be able to use the system after one day of training.
US,The system shall help the user avoid making mistakes while scheduling classes and clinicals for the nursing students.
US,The number of mistakes noted by the students shall be decreased by 50% in the first year.
US,The system shall be intuitive to the Program Administrators/Nursing Staff Members.
US,2 out of 3 Program Administrators/Nursing Staff Members shall successfully be able to use the system to manage the scheduling of classes and clinicals.
US,The system shall use symbols and words that are naturally understandable by the user community.
US,The verbiage used within the system shall be consistent with Standard English and the terminology of the national Nursing Community.
PE,Staff members shall be able to complete a set of tasks in a timely manner.
PE,The response time of general student management tasks shall take no longer than 5 seconds and the response time of schedule generation shall take no longer than 30 seconds.
A,The system shall be available for use between the hours of 8am and 6pm.
O,The system shall operate within the Windows XP Professional operating system.
O,The system shall interface with CampusConnect s central server
O,The system shall interface with the faculty central server.
O,The system shall interface with the student master server.
O,We must be able to interface with any HTML browser.
SE,Only authorized users shall have access to clinical site information.
SE,Program Administrators/Nursing Staff Members are the only people who shall have access to clinical site details.
SE,Only authorized users shall have access to students  personal information.
SE,Dr Susan Poslusny and Dr Julie Donalek are the only people who shall have access to students  personal information.
SE,Only authorized users shall have access to the portion of the system that interfaces with CampusConnect.
SE,Fit Criterion
SE,The system shall have basic data integrity checking to reduce the possibility of incorrect or invalid data being introduced.
SE,The system shall protect private information in accordance with the organization s information policy.
SE,The system shall be built such that it is as secure as possible from malicious interference.
SE,The system shall use the organization s standard virus protection software to help monitor threats to itself.
F,A cohort shall be associated to one Program of Study offered by the department.
F,Program Administrators and Nursing Staff Members shall be able to add a listing of students to a cohort.
F,Program Administrators and Nursing Staff Members shall be able to add a single student to a cohort
F,Students added to a cohort shall be eligible for the cohort s Program of Study.
F,Program Administrators and Nursing Staff Members shall be able to specify the preferred sequence of classes for a given cohort.
F, For each class within a sequence for a cohort  Program Administrators and Nursing Staff Members shall be able to specify which quarter that class will be offered.
F,Program Administrators and Nursing Staff Members shall be able to add new classes to a sequence of classes
MN,Application updates shall occur between 3AM and 6 AM CST on Wednesday morning during the middle of the NFL season.
MN,New System version releases shall be released at the beginning of each NFL season.
F,The system shall display data from the Sync Matrix 1.0 and Exercise Management Tool 1.0 applications
F,The system shall link Events back to either the Sync Matrix 1.0 or the Exercise Managment Tool 1.0 applications for modifications.
F,The system shall allow modification of the display.
F,The system shall offer a display of all the Events in the exercise.
F,The system shall filter data by
F,The system shall allow a user to define the time segments
F,The system shall display the local and exercise time in separate clocks
F,The system shall offer the ability to pause and resume the refresh of data.
F,The system shall provide charts for the Activity or Event actual versus assumed time.
A,The RFS system should be available 24/7  especially during the budgeting period. The RFS system shall be available 90% of the time all year  and 98% during the budgeting period. 2% of the time  the system will become available within 1 hour of the time that the situation is reported.
O,98% of the user workstations shall meet the minimum hardware requirements prior to implementation. Minimum Hard Disk Space
O,98% of the user workstations shall meet the minimum software requirements prior to implementation
O,The RFS system should be able to easily interface with the BDW environment  in order to load the data.  	7 data files shall be received from the BDW and loaded into the RFS system within 3 hours one day prior to the start of budgeting process  every year. The data will be as of October month-end. 	Test files (7) shall be loaded up to 5 times throughout the year  from the BDW.
MN,Changes to revenue and expense formulae must be applied to the RFS system  every year  prior to the budgeting process start. Revenue and expense formulae will be updated within one week of their receipt  after which 2 weeks will be allotted to testing of the budget calculations  to be conducted jointly by the project development team and PCG Finance.
MN,New branches/complexes/districts/regions and revenue/expense accounts added to the BDW  must be reflected in the RFS system. 100% of the entities (mentioned above) available as of October month-end  will be loaded into the RFS system  prior to the budget start process.
SE,Only authorized user shall access the RFS system. ONLY users that exist in the UAS system  with the RFS system assigned to their role(s)  shall access the RFS system and use it.
SE,User access should be limited to the permissions granted to their role(s) Each level in the PCG hierarchy will be assigned a role and users will be assigned to these roles. Access to functionality within RFS system is dependent on the privileges/permission assigned to the role..
LF,The product must comply with the intranet page standards and requirements of ENET Securities. 95% of the product look & feel will be approved by the Architecture group  prior to implementation. The remaining 5% will be corrected and approved within one month of product release.
LF,The intranet pages should display appropriately in all resolutions  from 800x600 and higher. The display of all the pages will be correct in 95% of the resolutions  prior to implementation. The remaining 5% will be corrected within a week of notification of the incorrect display.
US,The users should be able to easily use the system to successfully complete their budgets  within the stipulated time for completion. With a week of training prior to product implementation  98% of the users shall complete their budgets within the stipulated time.
PE,The product interface should be fast. The response time of the product interface should not exceed 2 seconds 90% of the time. For 10% of the time  the response time should not be more than 10 seconds.not be more than 10 seconds.
F,The system will use the stored e-mail addresses as a primary means of communicating information to affected parties.
F, The system will notify affected parties for routine communication purposes  including but not limited to informing students of upcoming offered classes (timeline) and what their schedule will be/shall be.
F, The system will notify affected parties when changes occur affecting clinicals  including but not limited to clinical section capacity changes  and clinical section cancellations.
F, The system will notify affected parties when changes occur affecting classes  including but not limited to class cancellations  class section detail changes  and changes to class offerings for a given quarter.
FR,The feature of the application shall provide the optimized route for the given addresses
FR,This feature provides the user to select an optimized route for the addresses given and fixing any path between the desired locations. 
NFR,"Fast internet connection is not mandatory, but it would increase the performance of the application"
FR,"after every user request, new maps are needed to be loaded"
NFR,"As Google Maps API is being used for this application, it is mandatory that we abide by the terms of use specified by Google"
FR,After installing the Application from iTunes or the App store the user will be asked to login.
FR,"Upon successful login, the user can select from the following catalogue options:  Spring 2013 ,Winter 2013"
FR,"Based on the selection the product categories will be listed: Outerwear,Soft Shell,Fleece,Knits,Wovens,Active Wear,	Safety,Accessories,Team Wear,	e.c.o. Collection"
FR,Once a category is selected the product thumbnail images will appear for selection.
FR,A user can then select the product and view the details.
FR,The detail page will contain all the same features and information as the website.
FR,From the here the user can either proceed to call a rep for an order or proceed to the online checkout process.
FR,"Upon successful login, the user can select from the following catalogue options or use the search function indicated by the search icon in the top right hand corner of the application."
FR,Once the icon is selected two open text field will be available to the user to search for the product name - by product ID/SKU or by keyword.
FR,Following a successful query the search feature will query the application database to display the search results. Following an unsuccessful query the search feature will display an error message that no matches were found
FR,A user can select the desired product from the results and proceed to the product details.
FR,From the here the user can either proceed to call a rep for an order or proceed to the online checkout process
FR,"Upon successful login, the user can select from the following catalogue options, search or           use the sub navigation to find the following items: Catalogue ,Videos,Contact Us"
FR,Should a user select to download the catalogue PDF it will be viewed on their mobile device.
FR,"Should a user select videos, the 360 video list will display. Upon selecting a video it will play on their device."
FR,All users shall be able to zoom into images using the standard gestures on mobile devices.
FR,All Users will be able to view the next product by swiping left to right .
FR,All users should be able to go back to the product category page via the back button in the top corner.
FR,All users should be able to search by keyword or product ID.
FR,"All users should be able to navigate using the sub navigation icons to access the Catalogue PDF, 360 videos, and to contact a rep representative"
FR,The application itself will only have minimal logic and so there should be little to no issues with the computation required by the phone itself.  
FR,"The only hazard is a user using the device when they should not be, such as while driving."
NFR,The application must be able to link up with the INTERNAL system in order for users to properly log in and be identified.
NFR,This information must be kept secure.  
NFR,The data entry should not be that much more difficult than if they were at an actual computer.  
NFR,"Because this application will be on a phone, portability is also important.  We don’t want it to take up so much space or be too slow causing the user’s to not be able to fit it on the device."
NFR,"When the user fills all necessary fields, an activation mail will be sent to
users mail address"
NFR,"User will be able to log in and start using the system just after activating
his/her account."
FR,"user enters his/her username or email and his/her password and logs in the
system"
FR,"user touches log out button, and logs out of the system. The user will not use
the system until he/she logs in again."
FR,"user is able to search items. User can search items according to their price,
their location, their category."
FR,"user is able to browse the profiles other users. User can see the other users’
user names, profile photos, and the users’ items."
FR,"user is able to browse categories according to his/her wishes. User can also see
how many items each category has."
FR,"user is able browse items. User can see the items’ pictures, prices, and other
features."
FR,"If the user changes his/her username or password, a notification mail will be sent to the
user’s email address."
FR,The changes will apply if the user clicks on the link in the email.
FR,"user can buy credits from the system. He/she can use credit card or his/her
PayPal account."
FR,"user can add the items he/she likes to his cart by touching “Add to the cart”
button."
FR,"if the item the user wants is available for exchange, the user can request the
exchange of items that he/she has with the item he/she wants."
FR,"the user can approve the exchange that is offered by another user by clicking
“Approve” button."
FR,"the user can decline the exchange that is offered by another user by clicking
“Decline” button."
FR,the user notifies other user that the shipment of the item has started.
FR,the user can add as many as items he/she wants.
FR,"The user can also set the price,
set the amount, upload pictures of the item and add details of the item."
FR,"the user can edit the items that he/she has already put on the system. The user
can add/remove pictures, change the price and details of the item."
FR,"if the user no longer wishes to sell/exchange the item, he/she can remove the
item from the system by touching “Remove the item” button."
FR,"if the user no longer wishes to use the system, he/she can click “Delete Profile”
button. After deleting the profile, the user will no longer be able to use the system with the
account details that he entered before."
FR,"the user can mark an item as a favorite so that he will be notified if any change
is made to the item"
FR,the user can rate and comment about the users whom he traded with.
FR,10000 users should be able to use the system at the same time.
FR,The response time of the system should be 2 seconds at most.
NFR,Search form should be  added to home page
NFR,Sites should be added correctly to the search engine
FR,Build the search engine based on the search form and sites available
FR,"User should be able to search by site name, description"
FR,System should be self capable with feature of Auto Suggest
FR,System should be able to return the search results in desending order in the form of list of links to the sites
FR,"System should be able to  display "" No results found "" in case no  search results found "
FR,System should have a link back to home in case no results found
FR,geo-location feature to be able to find a user
FR,Use Geolocation scripts to locate user
FR,check if user is within 1 mile of the campus
FR,"If user within 1 mile of the campus , update location"
FR,User for permission to use the location service .
FR,"If the user denies to user the location service , prompt the user to home screen "
FR,"If user allows location service , create the user"
FR,"if the system unable to update the location , Show failure msg and return the user to home page."
FR,Update Page with link to sites nearby
FR,Build Ajax Response to update home page with a link to nearby site based on user location
FR,"Application should respond with a list of links to the 3 nearest sites by A-Z, sorted by name"
FR,"Application should  respond with the sites placed on a map with markers that includes name, description and link to site page.  "
FR,Application should do the  distance calculations and geolocation information for user/site and nearby sites.
FR,"when user clicks on links to browse sites from home page, the system should respond with a list of links to all the sites by A-Z, sorted on site name"
FR,Application should collect list of all sites sorted by name
FR,Application should Build URL to each site’s page
FR,"when user clicks on link to map sites from the home page, application should respond with a campus map with all the historical sites placed on it"
FR,"Each historical site should have  a marker for each site placed on map that include the name, shorten description, and link to the site page."
FR,The site’s page should contain link to walking directions on tour
FR,"Application should respond with a list of thumbnail images for the site, listed from oldest to newest by year."
FR,"In case no image available , application should return ""no image"" flag."
FR,"when user clicks on a thumbnail image from the site’s page, the application should replace the site’s image with the medium sized clicked on image "
FR,Application should replace the site’s description with the clicked on image description
FR,"when the user clicks on the main image on the site’s page, application should return with a an enlarged version of the image "
FR,"when User clicks on link to Walking Tour, application should respond with walking tour page"
FR,"when User clicks on link to About, application should respond with About  page"
FR,No personal data about a user is stored.
FR,User location information should be  deleted nightly via a cron job. 
NFR,Project admins will need to be authorized before they can use the admin interface to manage the sites in the project.
NFR,Standard web security measure should be implemented.
NFR,"This application should be easily extendable, maintainable and able to be released as an open-source application"
NFR,The app runs on a smart phone with operating system Android version 2.3.
NFR,"All layout shall be according to the TU/e corporate identity, unless in conflict with the guidelines of requirements UCOR003-UCOR006."
NFR,Icons are according to the Android Icon Guidelines.
NFR,The user interfaces should be according to the Android User Interface Guidelines.
NFR,The Twitter â€tweetâ€ interface should be according to the Twitter Guidelines.
NFR,The Facebook â€likeâ€ interface should be according to the Facebook Guidelines.
NFR,The campus map covers the campus of the TU/e.
NFR,The campus map covers the central train station of Eindhoven.
NFR,A new stylistic map has the right dimensions.
NFR,A new stylistic map is geographically correct.
NFR,News is restricted to what is available in the feeds on the list of news RSS-feeds.
NFR,Agenda is restricted to what is available in the feeds on the list of agenda RSS-feeds.
NFR,Information about a certain person is restricted to what is available on the employee pages of the TU/e
NFR,The information and the search methods of the Encyclopedia-app are restricted to the services provided by the MediaWiki of the TU/e Encyclopedia.
NFR,The information and the search methods of the Studenthandbook-app are restricted depending on file format of the handbook-information.
NFR,Response Time GIST: The fastness of the search SCALE: The response time of a search METER: Measurements obtained from 1000 searches during testing. MUST: No more than 2 seconds 100% of the time. WISH: No more than 1 second 100% of the time.
NFR,"System Dependability GIST: The fault tolerance of the system. SCALE: If the system loses the connection to the Internet or to the GPS device or the system gets some strange input, the user should be informed. METER: Measurements obtained from 1000 hours of usage during testing. MUST: 100% of the time."
NFR,Hard Drive Space GIST: Hard drive space. SCALE: The applicationâ€™s need of hard drive space. METER: MB. MUST: No more than 20 MB. PLAN: No more than 15 MB. WISH: No more than 10 MB. MB: DEFINED: Megabyte
NFR,Application Memory Usage GIST: The amount of Operate System memory occupied by the application. SCALE: MB. METER: Observations done from the performance log during testing MUST: No more than 20 MB. PLAN: No more than 16 MB WISH: No more than 10 MB Operate System: DEFINED: The mobile Operate System which the application is running on. MB: DEFINED: Megabyte.
NFR,System Reliability GIST: The reliability of the system. SCALE: The reliability that the system gives the right result on a search. METER: Measurements obtained from 1000 searches during testing. MUST: More than 98% of the searches. PLAN: More than 99% of the searches. WISH: 100% of the searches.
NFR,System Availability GIST: The availability of the system when it is used. SCALE: The average system availability (not considering network failing). METER: Measurements obtained from 1000 hours of usage during testing. MUST: More than 98% of the time. PLAN: More than 99% of the time. WISH: 100% of the time.
NFR,Internet Connection DESC: The application should be connected to the Internet.
NFR,GPS Connection DESC: The application should be connected to the GPS device.
NFR,"Communication Security GIST: Security of the communication between the system and server. SCALE: The messages should be encrypted for log-in communications, so others cannot get user-name and password from those messages. METER: Attempts to get user-name and password through obtained messages on 1000 log-in session during testing. MUST: 100% of the Communication Messages in the communication of a log-in session should be encrypted. Communication Messages: Defined: Every exchanged of information between client and server."
NFR,Restaurant Owner Login Account Security GIST: Security of accounts. SCALE: If a restaurant owner tries to log in to the web portal with a non-existing account then the restaurant owner should not be logged in. The restaurant owner should be notified about log-in failure. METER: 1000 attempts to log-in with a non-existing user account during testing. MUST: 100% of the time.
NFR,Admin Login Account Security GIST: Security of accounts. SCALE: If an admin tries to log in to the web portal with a non-existing account then the admin should not be logged in. The admin should be notified about log-in failure. METER: 1000 attempts to log-in with a non-existing user account during testing. MUST: 100% of the time.
NFR,"Restaurant Owner Account Security GIST: Security of restaurant owners accounts. SCALE: A restaurant owner and IP address should not be able to log-in for a certain time period after three times of failed log-in attempts. METER: 1000 attempts to log-in during the lock period after user account has been locked because of failed log-in attempts of three times. MUST: The locking period should be half an hour, and during that period the log-in function is disabled."
NFR,"Admin Account Security GIST: Security of admin accounts. SCALE: An admin and IP address should not be able to log-in to the web portal for a certain time period after three times of failed log-in attempts. METER: 1000 attempts to log-in during the lock period after user account has been locked because of failed log-in attempts of three times. MUST: The locking period should be half an hour, and during that period the log-in function is disabled."
NFR,"User Create Account Security GIST: The security of creating account for users of the system. SCALE: If a user wants to create an account and the desired user name is occupied, the user should be asked to choose a different user name. METER: Measurements obtained on 1000 hours of usage during testing. MUST: 100% of the time."
NFR,"Restaurant Owner Create Account Security GIST: The security of creating account for restaurant owners of the system. SCALE: If a restaurant owner wants to create an account and the desired user name is occupied, the restaurant owner should be asked to choose a different user name. METER: Measurements obtained on 1000 hours of usage during testing. MUST: 100% of the time."
NFR,Application extendibility DESC: The application should be easy to extend. The code should be written in a way that it favors implementation of new functions.
NFR,Application testability DESC: Test environments should be built for the application to allow testing of the applications different functions.
NFR,Application portability DESC: The application should be portable with iOS and Android.
NFR,Performance Requirements 10000 users should be able to use the system at the same time. The response time of the system should be 2 seconds at most.
NFR,Design Constraints We will use â€œwaterfall methodâ€ and Object â€“ Oriented Programming paradigm. We will use Java as programming language. The Android version of the device should be 2.3 or higher. The system requires Internet connection all the time.
NFR,â€‹ The system will be designed in such a way that the algorithms for the four main units will be able to be easily swapped out.
NFR,The overall accuracy of the Web APIâ€™s response will be measured using a developer-made testing set.
NFR,The overall accuracy is calculated by dividing total number of correct answers by the number of questions asked.
NFR,The accuracy of the Generic Question Constructionâ€‹ part will be close to 80% 
NFR,Modularity  The system will be designed in such a way that the algorithms for the four main units will be able to be easily swapped out. 
NFR,"The overall accuracy of the Web APIâ€™s response will be measured using a developer-made testing set. The overall accuracy is calculated by dividing total number of correct answers by the number of questions asked. The accuracy of the Generic Question Constructionâ€‹ part will be close to 80%. The accuracy of the Generic Answer Constructionâ€‹ unit will be close to 70% The accuracy of the Generic Answer Populationâ€‹ unit will be close to 70% Drexel facilitiesâ€™ locations and schedules will have accuracy greater than 70%  â€‹ Drexel staffâ€™s office locations, contact information, and positions will have accuracy greater than 70%. â€‹ Drexel policies including academics, admissions, information technology etc. will have accuracy greater than 70%.â€‹ â€‹ On-campus dining locations, hours, food types, etc. will have accuracy greater than 50%. â€‹ Food trucksâ€™ general locations, hours, and food types on Drexel Campus will have accuracy greater than 40%. "
NFR,"Fast Response The average time for the server to respond, over the question testing set, will be less than or equal to 2 seconds"
NFR,"Security The connection between the Web API and the programs will use HTTPS, for security."
NFR,Ease of Useâ€‹ A new user will make less than 3 mistakes in 5 minutes after 5 minutes of use.
NFR,The search feature should be prominent and easy to find for the user.
NFR,"The different search options should be evident, simple and easy to understand."
NFR,The results displayed in the list view should be user friendly and easy to understand. Selecting an element in the result list should only take one click.
NFR,The results displayed in the map view should be user friendly and easy to understand. Selecting a pin on the map should only take one click.
NFR,The information link should be prominent and it should be evident that it is a usable link. Selecting the information link should only take one click.
NFR,The user interface must be GUI based.
NFR,The users are required to input the data from cell phone keypad
NFR,User has the options to change the settings locally and remotely.
NFR,Reduce the typing option by giving support for select menus.
NFR,The primary performance requirement is speed of the network.  The application itself will only have minimal logic and so there should be little to no issues with the computation required by the phone itself.
NFR,"There are no safety requirements with this application, other than any normal hazards of a mobile device.  The only hazard is a user using the device when they should not be, such as while driving."
NFR,The application must be able to link up with the INTERNAL system in order for users to properly log in and be identified.  This information must be kept secure.
NFR,"The primary attribute of this application will be usability given the large amounts of data and information that will be presented on such a small screen, as well as the userâ€™s ability to input data into the device in a reasonable manner that should not be that much more difficult than if they were at an actual computer."
NFR,"With regards to the intended number of users in the Amsterdam pilot, and the projected load scenarios, the intention is for the system to be able to serve 20.000 queries / day (in large part during the 4 peak traffic hours)."
NFR,"In order to create a viable offering for the user we will have to build a simple, transparent system that can be understood and trusted by the people that are using it."
NFR,"Anonimization & aggregation, so that route information may be shared safely without disclosing personal information."
NFR,"Encryption, for all data that is privacy sensitive, but must be persisted on the server in order for basic functionality. "
NFR,Permit the use of unverified (anonymous) avatars / aliases.
NFR,Give control to end-users over private data (at least a delete private repository option)
NFR,"The system should be language agnostic, since portability is a prime goal of the overall project. English, turkish, Finnish, and Italian should be at least be supported because these are the replication partners."
NFR,All text elements in the user interfaces are presented in the selected language English and Dutch.
NFR,Sub-apps and their launchers can be added to the main app by a qualified programmer.
NFR,Sub-apps and their launchers in the main app can be deleted by a qualified programmer.
NFR,"The application maintainer should also be able to change the (lists of) information sources of the sub-applications: agenda, news, Facebook and Twitter "
NFR,"Application maintainers should be able to maintain the application, without having knowledge about Java Android programming. They should be able to modify the approximate appearance of the application. This means the colors, and GUI figures in the applications, but not the addition/deletion of GUI elements."
NFR,"Application will be extendable. This means that a skilled Java Android programmer should be able to easily add a new sub-application to insApption, and add a launcher to it in the main-application."
NFR,Users must be a Radford University student in order to access the automatic class schedule and assignment sharing features of this application Users can authenticate by logging in using their RU username and password.
NFR,Most functionality will not require network connectivity.  System components that require authentication through Radford University and network connectivity will function as long as the systems maintained by the University are available.
NFR,The development team will follow best practices for clean code and software modularity in order to make the application as maintainable as possible.
NFR,Users will be able to access this application on or off campus anytime on their mobile device without the need of an internet connection.
NFR,"The application will be highly extensible in terms of adding course and calendar details or views.  However, the application in general has low extensibility."
NFR,An application instance shall be able to be reusable every semester for a returning student.The user will be able to update their class schedule by having the application check for a registered schedule set for the next semester and if the current school semester is over.Application components will be able to be integrated into the larger RU Mobile application developed and maintained by Radford University.
NFR,The system will be designed in such a way that the algorithms for the four main units will be able to be easily swapped out.
NFR,The accuracy of the Generic Question Constructionâ€‹ part will be close to 80%.
NFR,The accuracy of the Generic Answer Constructionâ€‹ unit will be close to 70%.
NFR,The accuracy of the Generic Answer Populationâ€‹ unit will be close to 70%.
NFR,"The average time for the server to respond, over the question testing set, will be less than or equal to 2 seconds."
NFR,"The connection between the Web API and the programs will use HTTPS, for security."
NFR,A new user will make less than 3 mistakes in 5 minutes after 5 minutes of use.
NFR,"FAU class contains requirements for recording the occurrence of security relevant events that take place under TSF control. This family identifies the level of auditing, enumerates the types of events that shall be auditable by the TSF, and identifies the minimum set of audit related information that should be provided within various audit record types. The following extended requirement for the FAU class has been included in this ST because the operational environment is capable of providing security audit generation for TSF functions."
NFR,"Performance should not be an issue because all of our server queries involve small pieces of data. Changing screens will require very little computation and thus will occur very quickly. Server updates should only take a few seconds as long as the phone can maintain a steady signal. The cost-division algorithms used by in application will be highly efficient, taking only a fraction of a second to compute."
NFR,SplitPay will not affect data stored outside of its servers nor will it affect any other applications installed on the userâ€™s phone. It cannot cause any damage to the phone or its internal components. The only potential safety concern associated with this application applies to virtually all handset apps: SplitPay should not be used while operating a vehicle or in any other situation where the userâ€™s attention must be focused elsewhere.
NFR,"This application assumes that only the user or whoever he/she allows will have access to his/her Android handset. With that being said, only a Google email address is required to verify the identity of the user upon opening the app. Since it is not password protected, there is no method to authenticate the userâ€™s identity. This could only pose a thread if a user has set up PayPal functionality, however any transaction involving real currency must be authorized and confirmed before becoming final. The PayPal API provides all of the security checks needed to ensure that no fraudulent transactions occur."
NFR,The graphical user interface of SplitPay is to be designed with usability as the first priority. The app will be presented and organized in a manner that is both visually appealing and easy for the user to navigate. There will be feedbacks and visual cues such as notifications to inform users of updates and pop-ups to provide users with instructions.
NFR,"To ensure reliability and correctness, there will be zero tolerance for errors in the algorithm that computes and splits expenses between group members. To maintain flexibility and adaptability, the app will take into account situations in which a user loses internet connection or for whatever reason cannot establish a connection with the server. These users will still be able to use the application, but any Bills, transactions, etc. posted while disconnected will be cached until the connection is restored."
NFR,All text elements in the user interfaces are presented in the selected language (for language selection see requirement UCAR101. The available languages are mentioned in UCAR002 and UCAR003) 
NFR,English is an available language. 
NFR,Dutch is an available language.
NFR,The administrator can change the colors used in the user interfaces of the sub-apps and main-app (this does not include the external resources).
NFR,The administrator can change the fonts used in the user interfaces of the sub-apps and main-app (this does not include the external resources).
NFR,The administrator can change icons used in the user interfaces of the sub-apps and main-app (this does not include the external resources).
NFR,The administrator can change buttons used in the user interfaces of the sub-apps and main-app (this does not include the external resources).
NFR,The administrator can change the background used in the user interfaces of the sub- apps and main-app (this does not include the external resources).
FR,The administrator can change text elements used in the user interfaces of the sub-apps and main-app (this does not include the external resources).
FR,The language can only be selected in the main app.
FR,The default language of insApption is English
FR,The main menu contains a launcher to the Map-app.3.1.3
FR,The main menu contains a launcher to the News-app.3.1.4
FR,The main menu contains a launcher to the Agenda-app.3.1.5
FR,The main menu contains a launcher to the Facebook-app.3.1.9
FR,The main menu contains a launcher to the Twitter-app.3.1.10
FR,The main menu contains a launcher to the Employee-finder-app.3.1.6
FR,"The main menu contains a launcher to the Encyclopedia-app, only if the Dutch language is selected.3.1.7"
FR,"The main menu contains a launcher to the Student handbook-app, only if the Dutch language is selected.3.1.8 "
FR,It is possible to â€œlikeâ€ insApption from within the main menu.
FR,It is possible to â€œtweetâ€ insApption from within the main menu.
FR,There is a link to a Twitter settings menu.
FR,There is a link to a Facebook settings menu.
FR,"In the settings menu for Twitter the user can save username in combination with password, regarding Twitter."
FR,"In the settings menu for Facebook the user can save username in combination with password, regarding Facebook."
FR,"In the settings menu for Twitter there is an option to delete the saved username in combination with the password, regarding Twitter."
FR,"In the settings menu for Facebook there is an option to delete the saved username in combination with the password, regarding Facebook."
FR,The application maintainer can modify the appearance of the separate launchers.
FR,It is possible to search for a certain building on the campus of the TU/e by name.
FR,It is possible to search for a certain building on the campus of the TU/e by address.
FR,It is possible to search for a certain POI on the campus of the TU/e by name.
FR,A search described in requirements UCAR201 and UCAR202 results in a displayed set of buildings that match the search input.
FR,A search described in requirements UCAR203 results in a displayed set of POIâ€™s that match the search input.
FR,"It is possible to view an element from the search result described in UCAR201, UCAR202 and UCAR203 in the map view."
FR,It is possible to navigate from a building on the campus to another building on the campus.
FR,It is possible to navigate from a building on the campus to a POI on the campus.
FR,It is possible to navigate from a POI on the campus to a building on the campus.
FR,It is possible to navigate from a POI on the campus to a POI on the campus.
FR,It is possible to navigate from an POI on the campus to another location on the campus.
FR,It is possible to navigate from a street on the campus to another location on the campus.
FR,It is possible to switch between different means of transportation in the navigator.
FR,The from-location can be searched by the name of a building.
FR,The from-location can be searched by the address of a building.
FR,The from-location can be searched by the name of a POI.
FR,The from-location is selected from the search result described in UCAR211 and UCAR212.
FR,The from-location can be selected on the map.
FR,The to-location can be searched by the name of a building.
FR,The to-location can be searched by the address of a building.
FR,The to-location can be searched by the name of a POI.
FR,The to-location is selected from the search result described in UCAR215 and UCAR216.
FR,The to-location can be selected on the map.
FR,The route planned by the navigator is shown in the map view.
FR,The application has a map view in stylistic style.
FR,The application has a map view in satellite style.
FR,It is possible to switch between stylistic map view and satellite map view.
FR,It is possible to zoom when in the map view.
FR,It is possible to pan when in the map view.
FR,Current location is shown in the map view.
FR,POIâ€™s of a building are indicated.
FR,It is possible to â€œtweetâ€ the userâ€™s current location.
FR,It is possible to change the status on Facebook. The new status will indicate the userâ€™s current location.
FR,The administrator can change the stylistic map.
FR,The administrator can add buildings.
FR,The administrator can remove buildings.
FR,The administrator can add vertices of a path which is used in the route planner.
FR,The administrator can remove vertices of a path which is used in the route planner.
FR,The administrator can remove edges of a path which is used in the route planner.
FR,The administrator can add edges of a path which is used in the route planner.
FR,"The administrator can add POIâ€™s. A POI should belong to a certain building, floor and room number."
FR,"The administrator can remove POIâ€™s. A POI should belong to a certain building, floor and room number."
FR,"The administrator can link a POI to a certain building, floor and room."
FR,"The administrator can unlink a POI from a certain building, floor and room."
FR,Titles of all news items available through the news RSS-feeds are shown on the title screen.
FR,"From the first titles of the news articles, the first lines are shown."
FR,Full news report is shown after choosing the corresponding news title.
FR,It is possible to â€œlikeâ€ a certain news item.
FR,It is possible to â€œtweetâ€ a certain news item.
FR,The administrator can modify the list of news RSS-feeds that are available in English.
FR,The administrator can modify the list of news RSS-feeds that are available in Dutch.
FR,"When the agenda-app is started, upcoming events are shown on the title screen."
FR,There is a calender view.
FR,It is possible to open calendar view.
FR,It is possible to close calendar view.
FR,The user can change the calender to a different month.
FR,The user is able to see on which days events take place in calendar view.
FR,The current day is indicated on the calendar.
FR,By selecting a certain day in the calendar the events for that day are shown.
FR,It is possible to search for events by date.
FR,It is possible to search for events by subject.
FR,A search described in requirements UCAR406 and UCAR407 results in a displayed set of events that match the search input.
FR,It is possible to â€œlikeâ€ a certain event.
FR,It is possible to â€œtweetâ€ a certain event.
FR,The only events that are available in the agenda-app are extracted from the agenda RSS-feeds in the selected language.
FR,The administrator can modify the list of agenda RSS-feeds that are available in English.
FR,The administrator can modify the list of agenda RSS-feeds that are available in Dutch.
FR,It is possible to search a person by name.
FR,It is possible to search a person by department.
FR,A search described in requirements UCAR501 and UCAR502 results in a displayed set of employees that match the search input.
FR,It is possible to view all personal info available through the employee pages of a person in the search result set of requirement UCAR503.
FR,It is possible to show the location of the employeeâ€™s office in the map view (see 3.1.3).
FR,It is possible to plan a route to the location of the employeeâ€™s office (see 3.1.3).
FR,When the Encyclopedia-app is started the most searched items are shown on the title screen.
FR,When the Encyclopedia-app is started the most recent items are shown on the title screen.
FR,It is possible to search the book by a certain word or phrase.
FR,A search described in requirement UCAR602 results in a displayed set of topics.
FR,The user can select a topic from the search result list.
FR,By clicking on a topic the full text regarding that topic is shown.
FR,It is possible to â€œlikeâ€ a certain topic.
FR,It is possible to â€œtweetâ€ a certain topic.
FR,When the student handbook-app is started the most searched items are shown on the title screen.
FR,A search described in requirement UCAR702 results in a displayed set of topics.
FR,The user can select a topic from the search result described in requirement UCAR703.
FR,When the Facebook-app is started the page of TU/e on Facebook is shown on the title screen.
FR,Other TU/e related Facebook-sites can be selected from a list (see for contents of list requirement UCAR803).
FR,The administrator can modify the list of TU/e related Facebook-sites.
FR,When the Twitter-app is started the page of TU/e on Twitter is shown on the title screen.
FR,Other TU/e related Twitter-sites can be selected from a list (see for contents of list requirement UCAR903).
FR,The administrator can modify the list of TU/e related Twitter-sites.
FR,Download mobile application DESC: A user should be able to download the mobile application through either an application store or similar service on the mobile phone. The application should be free to download.
FR,"Download and notify users of new releases DESC: When a new/updated version or release of the software is released, the user should check for these manually. The download of the new release should be done through the mobile phone in the same way as downloading the mobile application."
FR,"User registration - Mobile application DESC: Given that a user has downloaded the mobile application, then the user should be able to register through the mobile application. The user must provide user-name, password and e-mail address. The user can choose to provide a regularly used phone number."
FR,"User log-in - Mobile application DESC: Given that a user has registered, then the user should be able to log in to the mobile application. The log-in information will be stored on the phone and in the future the user should be logged in automatically."
FR,"Retrieve password DESC: Given that a user has registered, then the user should be able to retrieve his/her password by e-mail."
FR,"Mobile application - Search DESC: Given that a user is logged in to the mobile application, then the first page that is shown should be the search page. The user should be able to search for a restaurant, according to several search options. The search options are Price, Destination, Restaurant type and Specific dish. There should also be a free text search option. A user should be able to select multiple search options in one search."
FR,"Mobile application - Search result in a map view DESC: Search results can be viewed on a map. On the map, the relevant and closest restaurants according to the userâ€™s position are shown. A specific pin will represent a specific restaurant location. On each pin there should be an information link. There should be maximally 100 results displayed. The map view should have a default zoom. The map view should include a button that, when selected, should display different filtering options in a filtering menu."
FR,"Mobile application - Search result in a list view Search results can be viewed in a list. Each element in the list represents a specific restaurant. Each element should include the restaurant name, telephone number, type of food, distance according to the userâ€™s position, average price, a short two-line description, a link to the restaurantâ€™s web-page and an information link. There should be maximally 100 results displayed. If the result contains more restaurants than what can be displayed on the screen at one time, the user should be able to scroll through them. When searching by price the restaurants should be sorted according to the following order: 1. average price 2. distance 3. restaurant type 4. specific dish When searching by a search option, other than price, the restaurants should be sorted according to the following order: 1. distance 2. average price 3. restaurant type 4. specific dish The list view should include a header with different selectable sorting options. The list view should include a button that, when selected, should display different filtering options in a filtering menu."
FR,"Mobile application - Navigation to restaurant DESC: A user should be able to select a pin on a map or an element on a list. When a selection is made, the location of the restaurant should be sent to the mobile phoneâ€™s GPS-navigation program. The user should then be navigated to the destination. When the destination is reached, a user should be able to go back to the search page on the mobile application."
FR,Mobile application - Switch result view DESC: A user should be able to switch between a map view and a list view for all search options.
FR,"Mobile application - Selecting the information link DESC: A user should be able to select the information link, which is included on all result items. The link will direct the user to an information page, which includes a picture of the restaurant, the restaurant name, address, phone number, e-mail address, type of food, average price, restaurant description and a menu with name, description and price of the different dishes."
FR,Mobile application - Search by price DESC: A user should be able to input a maximum and a minimum price range. The result is displayed in a list view by default.
FR,"Mobile application - Search by destination DESC: A user should be able to input a maximum and a minimum distance, according to his/her position. By default the minimum distance is set to 0 km and the maximum to 10 km. The user should be able to input a higher or lower maximum distance and a higher minimum distance than set by default. The result is displayed in a map view by default."
FR,Accepted input for price and destination search DESC: Integers should be accepted as input when a user searches by price or destination. If the system receives an invalid input the user should be informed and prompted to insert an accepted input.
FR,Mobile application - Search by restaurant type DESC: A user should be able to select a restaurant type in a given list as input. The result is displayed in a map view by default.
FR,Mobile application - Search by specific dish DESC: A user should be able to select a specific dish in a given list as input. The result is displayed in a map view by default.
FR,"Mobile application - Free-text search DESC: A user should be able to conduct a search by providing either restaurant name, restaurant description, restaurant address, restaurant type or restaurant menu in the free-text search field. The result is displayed in a map view by default."
FR,Mobile application - No match found DESC: If no match is found the user should be informed but kept on the search page in order to get the possibility to conduct a new search right away.
FR,"Mobile application - Sorting results DESC: When viewing the results in a list, a user should be able to sort the results according to price, distance, restaurant type, specific dish or restaurant name. When sorting by restaurant name, specific dish or restaurant type the results should be ordered alphabetically. When sorting by price the results should be ordered from cheapest to most expensive. When sorting by distance the results should be ordered from closets to furthest distance according to the userâ€™s position. When the sort button for a specific search option is clicked, then the order should be reversed and ordered in a descending matter. If the sort button is clicked again the order of the results should be reversed."
FR,"Mobile application - Filtering results DESC: When viewing the results in a list or a map, a user should be able to filter the results in a filtering menu. The filtering options include: increasing or decreasing the maximum distance increasing or decreasing the maximum price choosing a restaurant type choosing a specific dish"
FR,"Mobile application - Profile page DESC: On the mobile application, a user should have a profile page. On the profile page a user can edit his/her information, which includes the password, e-mail address and phone number. A user should also be able to choose what language the mobile application should be set to. The different language choices are Swedish, English, Spanish and French."
FR,Required information for registration Given the restaurant owner wants to create an account And the restaurant owner does not have an account When the restaurant owner registers on the web-portal by providing user-name And password And address And e-mail address And phone number Then the restaurant owner should be able to apply for verification 
FR,Full information for registration Given the restaurant owner wants to create an account And the restaurant owner does not have an account When the restaurant owner registers on the web-portal by providing user name And password And address And e-mail address And phone number And mobile number Then the restaurant owner should be able to apply for verification
FR,Confirmed registration Given the restaurant owner has applied for verification And has not received a confirmation e-mail after registration When the restaurant owner receives a confirmation e-mail Then the restaurant owner should be able to log in
FR,Successful log-in Given the restaurant owner wants to log in When the restaurant owner logs in with his/her account Then the restaurant owner should be logged in as a restaurant owner
FR,Retrieve password Given the restaurant owner wants to log in And has lost the password When the restaurant owner enters his/her email address in the â€œRetrieve passwordâ€ form And submits the form Then the restaurant owner should receive an email containing the password
FR,Show fields for managing information Given the restaurant owner is logged in When the restaurant owner wants to manage information Then the restaurant owner should be able to manage information in a form
FR,Filling in mandatory fields Given the restaurant owner wants to fill in the mandatory fields of the form When the restaurant owner provides average price And address And e-mail address And phone number And restaurant name Then the restaurant owner has filled the mandatory fields of the form
FR,Filling in optional fields Given the restaurant owner of a restaurant wants to fill in optional fields in the form When the restaurant owner provides restaurant description And menu And type of restaurant And picture of restaurant And mobile phone Then the restaurant owner has filled in optional fields in the form
FR,Filling in menu field Given the restaurant owner wants to fill in the menu field in the form When the restaurant owner provides dish name And dish description And dish price Then the restaurant owner has filled in the menu field in the form
FR,Adding information with mandatory fields Given the restaurant owner has filled in the mandatory fields of the form When the restaurant owner submits the form Then the information about the restaurant should be added
FR,Adding information with mandatory and optional fields Given the restaurant owner has filled in the mandatory fields of the form And filled in one or more optional fields of the form When the restaurant owner submits the form Then the information about the restaurant should be added
FR,Deleting information Given the restaurant owner is logged in And information exists When the restaurant owner deletes information Then the information should be deleted
FR,Editing information Given the restaurant owner is logged in And information exists When the restaurant owner edits information Then the information should be edited
FR,Select English as preferred language Given the restaurant owner wants to select a preferred language When the restaurant owner selects English as a new language Then the web-portal will show all text in English
FR,Select Swedish as preferred language Given the restaurant owner wants to select a preferred language When the restaurant owner selects Swedish as a new language Then the web-portal will show all text in Swedish
FR,Select French as preferred language Given the restaurant owner wants to select a preferred language When the restaurant owner selects French as a new language Then the web-portal will show all text in French
FR,Select Spanish as preferred language Given the restaurant owner wants to select a preferred language When the restaurant owner selects Spanish as a new language Then the web-portal will show all text in Spanish
FR,Successful log-in Given the administrator wants to log in When the administrator logs in with an administrator account Then the administrator should be logged in as an administrator
FR,Verify a restaurant owner Given the administrator is logged in When the administrator verifies a restaurant owner Then the restaurant owner should be able to log in And the restaurant owner should be notified by a confirmation email
FR,Reject a restaurant owner Given the administrator is logged in When the administrator rejects a restaurant owner Then the restaurant owner should not be able to log in And the restaurant owner should be notified by a rejection email
FR,Add a new restaurant type Given the administrator is logged in When the administrator creates a new restaurant type Then the new restaurant type should be added to the list of restaurant types
FR,Editing an existing restaurant type Given the administrator is logged in When the administrator edits an existing restaurant type Then the restaurant type should be updated in the list of restaurant types
FR,Delete a restaurant type Given the administrator is logged in When the administrator deletes a restaurant type Then the deleted restaurant type should be removed from the list of restaurant types
FR,Add a new dish Given the administrator is logged in When the administrator creates a new dish Then the new dish should be added to the list of dishes
FR,Editing an existing dish Given the administrator is logged in When the administrator edits an existing dish Then the dish should be updated in the list of dishes
FR,Delete a dish Given the administrator is logged in When the administrator deletes a dish Then the deleted dish should be removed from the list of dishes
FR,Add restaurant information Given the administrator is logged in When the administrator adds restaurant information Then the information should be added to the restaurant
FR,Delete restaurant information Given the administrator is logged in And information about a restaurant exists When the administrator deletes the information Then the information about the restaurant should be deleted
FR,Edit restaurant information Given the administrator is logged in And information about a restaurant exists When the administrator edits the information Then the information about the restaurant should be edited
FR,Edit an existing userâ€™s information Given the administrator is logged in When the administrator edits an existing user Then the user information should be updated
FR,Delete/Inactivate an existing user Given the administrator is logged in When the administrator deletes an existing user Then the user should be deleted
FR,Add a new restaurant owner Given the administrator is logged in When the administrator creates a new restaurant owner Then the new restaurant owner should be added
FR,Edit an existing restaurant owner Given the administrator is logged in When the administrator edits an existing restaurant owner Then the restaurant owner information should be updated
FR,Delete an existing restaurant owner Given the administrator is logged in When the administrator deletes an existing restaurant owner Then the restaurant owner should be deleted And the restaurant information should be deleted
FR,Select English as preferred language Given the administrator wants to select a preferred language When the administrator selects English as a new language Then the web-portal will show all text in English
FR,Select Swedish as preferred language Given the administrator wants to select a preferred language When the administrator selects Swedish as a new language Then the web-portal will show all text in Swedish
FR,Select French as preferred language Given the administrator wants to select a preferred language When the administrator selects French as a new language Then the web-portal will show all text in French
FR,Select Spanish as preferred language Given the administrator wants to select a preferred language When the administrator selects Spanish as a new language Then the web-portal will show all text in Spanish
FR,Prominent search feature DESC: The search feature should be prominent and easy to find for the user.
FR,"Usage of the search feature DESC: The different search options should be evident, simple and easy to understand."
FR,Usage of the result in the list view DESC: The results displayed in the list view should be user friendly and easy to understand. Selecting an element in the result list should only take one click.
FR,Usage of the result in the map view DESC: The results displayed in the map view should be user friendly and easy to understand. Selecting a pin on the map should only take one click.
FR,Usage of the information link DESC: The information link should be prominent and it should be evident that it is a usable link. Selecting the information link should only take one click.
FR,"In this case, user enters his/her username, name, surname, password, mail address sets a profile photo. When the user fills all necessary fields, an activation mail will be sent to users mail address. User will be able to log in and start using the system just after activating his/her account."
FR,"In this case, user enters his/her username or email and his/her password and logs in the system."
FR,"In this case, user touches log out button, and logs out of the system. The user will not use the system until he/she logs in again."
FR,"In this case, user is able to search items. User can search items according to their price, their location, their category."
FR,"In this case, user is able to browse the profiles other users. User can see the other users user names, profile photos, and the usersâ€™ items."
FR,"In this case, user is able to browse categories according to his/her wishes. User can also see how many items each category has."
FR,"In this case, user is able browse items. User can see the itemsâ€™ pictures, prices, and other features."
FR,"In this case, user can change his/her username, email address, profile picture and password. If the user changes his/her username or password, a notification mail will be sent to the userâ€™s email address. The changes will apply if the user clicks on the link in the email."
FR,"In this case, user can buy credits from the system. He/she can use credit card or his/her PayPal account."
FR,"In this case, user can add the items he/she likes to his cart by touching â€œAdd to the cartâ€ button."
FR,"In this case, the user can buy items he/she has added to cart with credits, if the items are available for buying with credits."
FR,"In this case, if the item the user wants is available for exchange, the user can request the exchange of items that he/she has with the item he/she wants."
FR,"In this case, the user can approve the exchange that is offered by another user by clicking â€œApproveâ€ button."
FR,"In this case, the user can decline the exchange that is offered by another user by clicking â€œDeclineâ€ button."
FR,"In this case, the user notifies other user that the shipment of the item has started."
FR,"In this case, the user can add as many as items he/she wants. The user can also set the price, set the amount, upload pictures of the item and add details of the item."
FR,"In this case, the user can edit the items that he/she has already put on the system. The user can add/remove pictures, change the price and details of the item."
FR,"In this case, if the user no longer wishes to sell/exchange the item, he/she can remove the item from the system by touching â€œRemove the itemâ€ button."
FR,"In this case, if the user no longer wishes to use the system, he/she can click â€œDelete Profileâ€ button. After deleting the profile, the user will no longer be able to use the system with the account details that he entered before."
FR,"In this case, the user can mark an item as a favorite so that he will be notified if any change is made to the item"
FR,"In this case, the user can rate and comment about the users whom he traded with."
FR,The client will send a GET request to the Web API with the question as a URL parameter The client will specify the header Content-Type: application/json in their requests as convention. A valid API query is a single URL parameter containing one sentence that is a question in standard English.
FR,"The server will reply with either data or an error, see R4.1.3.5. The client will be able to parse the JSON and determine if there was an error. The server will send all API data in JSON response documents with the header Content-Type: application/json. The server will respond with a 200 OK status code if a request has the header Content-Type: application/json and is a valid API query. The server will respond with a 400 Bad Request status code if a request does not specify the header Content-Type: application/json OR is a malformed API query."
FR,"API responses are defined in JSON, specified by [RFC 7159]. A JSON object will be the root of every API response. The response document will contain at least one of the following top-level members: Data: the documentâ€™s â€œprimary data,â€ in this case, the response to the clientâ€™s query. Errors: an array of error objects stating what went wrong with the clientâ€™s request, should any issues arise. The top-level members specified in R4.1.3.3 will not coexist in the same JSON document. If data is present, errors will be absent and vice versa."
FR,"This unit will receive a text string from the URL parameter.â€‹ This unit will identify important words in the sentence and replace them with generic representations preceded by an escape character. (example: â€œPISBâ€ becomes â€œ$buildingâ€) â€‹This unit will output the sentence as a string, as described in R4. â€‹This unit will output a map of generic representations to the words they replaced."
FR,"This unit will have a list of generic words related specifically to potential queries (examples: building, professor)"
FR,"An error during this process means there was a problem parsing the sentence and creating the generic question. In this case, return a message such as â€œSorry, I didnâ€™t understand that.â€"
FR,This unit will receive the output sentence from the Generic Question Construction unit as input (R4.2.1.3).
FR,This unit will generate a generic answer sentence using the input. (example: â€œWhat time does $building close?â€ becomes â€œ$building closes at $closetime.â€). This unit will output the generic answer sentence described
FR,"If there was an error here, then the unit failed to create a generic answer given a generic sentence. In this case, simply fallback to the error handling described in R4.4.2.1"
FR,This unit will receive as input a mapping from the Generic Question Construction unit
FR,This unit will receive as input a generic answer from the Generic Answer Construction unit
FR,This unit will query the database for data about the elements in the mapping
FR,This unit will replace the representations in the generic answer with data.
FR,"This unit will output the answer to the original question, as described in R4.4.1.3."
FR,"If querying the database did not provide an answer, the system will say that it does not have an answer and provide appropriate website link where the user could find the answer. Example message, â€œI donâ€™t know when Rush Building closes, but here is the website of the building."
FR,"If the system could not find appropriate website associated with the question, the system will return a generic error message such as â€œSorry, I couldnâ€™t find an answer to that.â€"
FR,A MySQL database will be used to store all information required to answer questions.
FR,"The database is populated by the information extraction unit before the rest of the system is available, so that all information is readilyaccessible."
FR,The database will use the generic representations from R4.2.2.1 as table names or column headers for easier retrieval of data.
FR,The database will be updated periodically and the API will be unavailable during the update.
FR,Structural data sources will have their data stored in our database
FR,"For data with enough structuring, web scraping will be used to programmatically extract all the data needed and store it in our database."
FR,"For totally unstructured information, AI libraries will be used to programmatically extract and store any information possible"
FR,"Data that is especially hard to extract, for whatever reason, will be manually extracted and added to the database by a developer."
FR,The GUI will have a textbox that will accept inputs from a keyboard.
FR,"Text box will originally contain a suggestive text question, to guide the user to the format of an appropriate question. "
FR,The GUI will have a â€œSendâ€ button which sends text from the textbox to the API when clicked
FR,The GUI will have a chat window displaying questions sent to the system and responses from the API.
FR,"The chat window will contain all questions and answers from the current session, with a scroll bar if all messages canâ€™t fit on the screen."
FR,"If there is a network issue, the chat window will display an error message."
FR,There will be a designated phone number that users can send texts to. â€‹
FR,"Texts sent to that number will be sent to the API, then the system will reply to the user with the answer as another text message."
FR,"If a question is not understood by our API, the system will send a text containing an example question after the text with the API response."
FR,Upon the USB being plugged in the system shall be able to be deployed and operational in less than 1 minute
FR,The system shall be able to handle 1000 customers logged in concurrently at the same time.
F, The audit report shall include the percentage of available recycled parts used in the estimate 
LF, The product�s Look and Feel shall be able to incorporate aspects of the customer�s organization such as logo  branding  and identity
PE,The response shall be fast enough to avoid interrupting the user�s flow of thought.  90% of tasks shall complete within 5 seconds.  98% of tasks shall complete within 8 seconds.
MN,The product must be highly configurable for use with various database management systems for the end users.  80% of end users are able to integrate new database management systems with the product without changing the product�s software code.
US,Every registered user will have access to the product�s support site via the Internet.  70% of registered users shall find a solution to their problem within 5 minutes of using the support site.
MN,The customer shall be able to easily integrate new building maps with the product throughout the product�s lifecycle.  Integration of new maps with the product shall be possible with little to no support from product support staff.
US, The product shall be translated into foreign languages other than the target market countries� languages in future releases.  For each emerging target market  it shall take no more than 5 days to configure the product for that market�s language.
SE,The product shall ensure that the database�s data corresponds to the data entered by the user.  Each conference room reservation in the system will contain the same information as was entered by the user.
SE,The product shall prevent the input of malicious data.  The product and/or adjacent hardware/software systems� data shall remain 100% uncorrupted each time malicious data is input into the product.
US,The product shall be able to display calendar dates and times according to the user�s locale.  90% of survey respondents from each target market country will find that the date and time formatting of the product is correct.
PE,System shall let customers register on the website as a �pay as you go� user in under 5 minutes.
PE,System shall let customers register on the website as a �unlimited movie subscriber� user in under 10 minutes.
US,The product shall retain the customer�s buying preferences and information.
PE, When streaming a movie  the buffering time should take no longer than 10 seconds (plus any latency on the user�s connection.)
PE, While streaming a movie  buffering should only occur if there is latency in the user�s connection.
SE,The system shall reveal private information only in compliance with the organization�s information policy.
F,System shall allow users to update their billing and contact information via the �My Account� section of the website.
F,The product shall end a game when a hit by the offensive player results in sinking the last of the defensive player�s ships  which had not been previously marked as sunk.
SE,The product shall ensure that only supervisors can enter a caller�s schedule.The product must ensure that supervisors are allowed to access advertise empty time slots.
LF,The interface must summarize the data in a fashion that�s appealing to CCR management. Every report type must have at least one high level summary shown in the results dashboard/interface
A,The WCS system shall be available at all times as long as IBM�s internal intranet W3 is accessible. The WCS system will be available 95% of the time IBM�s internal intranet W3 is available.
SE,The WCS system shall not allow automatic logins by any user. Cookies containing WCS login information about a user will not be stored on a user�s computer.
SE,Each team owner will need to use a username and password in order to be authenticated to reach the team owner�s page
US,Users shall be able to reach the �add�  �drop�  and �trade player� pages with one click from the team owner�s page.
O, The Disputes application shall be available 24x7x365  with the exception of the following scheduled maintenance windows.  Monday � Saturday 3
O,The system shall interface with CampusConnect�s central server
SE,Only authorized users shall have access to students� personal information.
SE,Dr Susan Poslusny and Dr Julie Donalek are the only people who shall have access to students� personal information.
SE,The system shall protect private information in accordance with the organization�s information policy.
SE,The system shall use the organization�s standard virus protection software to help monitor threats to itself.
F,Students added to a cohort shall be eligible for the cohort�s Program of Study.
O,The RFS system should be able to easily interface with the BDW environment  in order to load the data. �	7 data files shall be received from the BDW and loaded into the RFS system within 3 hours one day prior to the start of budgeting process  every year. The data will be as of October month-end. 	Test files (7) shall be loaded up to 5 times throughout the year  from the BDW.
F,'The system shall refresh the display every 60 seconds.'
PE,'The system shall refresh the display every 60 seconds.'
L,'The application shall match the color of the schema set forth by Department of Homeland Security'
LF,'The application shall match the color of the schema set forth by Department of Homeland Security'
LF,'If projected the data must be readable. On a 10x10 projection screen 90% of viewers must be able to read Event / Activity data from a viewing distance of 30'
US,'If projected the data must be readable. On a 10x10 projection screen 90% of viewers must be able to read Event / Activity data from a viewing distance of 30'
A,'The product shall be available during normal business hours. As long as the user has access to the client PC the system will be available 99% of the time during the first six months of operation.'
LF,'If projected the data must be understandable. On a 10x10 projection screen 90% of viewers must be able to determine that Events or Activities are occuring in current time from a viewing distance of 100'
US,'If projected the data must be understandable. On a 10x10 projection screen 90% of viewers must be able to determine that Events or Activities are occuring in current time from a viewing distance of 100'
F,'The product shall ensure that it can only be accessed by authorized users. The product will be able to distinguish between authorized and unauthorized users in all access attempts'
SE,'The product shall ensure that it can only be accessed by authorized users. The product will be able to distinguish between authorized and unauthorized users in all access attempts'
US,'The product shall be intuitive and self-explanatory. : 90% of new users shall be able to start the display of Events or Activities within 90 minutes of using the product.'
PE,'The product shall respond fast to keep up-to-date data in the display.'
F,'The system shall have a MDI form that allows for the viewing of the graph and the data table.'
F,'The system shall display Events in a vertical table by time.'
F,'The system shall display the Events in a graph by time.'
F,'The system shall display Events or Activities.'
LF,'The display shall have two regions: left 2/3 of the display is graphical right 1/3 of the display is a data table'
,'The data displayed in both the nodes within the graph and the rows in the table are MSEL Summary data'
LF,'The table side of the display shall be split into 2 regions: sequential and temporal.'
F,'The top 1/4 of the table will hold events that are to occur sequentially.'
LF,'The top 1/4 of the table will hold events that are to occur sequentially.'
F,'The bottom 3/4 of the table will hold events that occur according to its relevance to current time.'
LF,'The bottom 3/4 of the table will hold events that occur according to its relevance to current time.'
F,'The system shall color code events according to their variance from current time.'
LF,'The system shall color code events according to their variance from current time.'
F,'The system shall display data from the Sync Matrix 1.0 and Exercise Management Tool 1.0 applications'
LF,'The system shall display data from the Sync Matrix 1.0 and Exercise Management Tool 1.0 applications'
F,'The system shall link Events back to either the Sync Matrix 1.0 or the Exercise Managment Tool 1.0 applications for modifications.'
MN,'The system shall link Events back to either the Sync Matrix 1.0 or the Exercise Managment Tool 1.0 applications for modifications.'
PO,'The system shall link Events back to either the Sync Matrix 1.0 or the Exercise Managment Tool 1.0 applications for modifications.'
F,'The system shall allow modification of the display.'
F,'The system shall offer a display of all the Events in the exercise.'
F,'The system shall filter data by: Venues and Key Events.'
F,'The system shall allow a user to define the time segments'
F,'The system shall display the local and exercise time in separate clocks'
F,'The system shall offer the ability to pause and resume the refresh of data.'
F,'The system shall provide charts for the Activity or Event actual versus assumed time.'
F,'The system shall provide a history report of changes made to the Activity or Event data'
LF,'The look and feel of the system shall conform to the user interface standards of the smart device.'
LF,'The user interface shall have standard menus buttons for navigation'
LF,'The system shall have a professional appearance'
LF,'The product shall have a consistent color scheme and fonts.'
US,'The system shall be used by realtors with no training.'
US,'The system shall be intuitive and self explanatory.'
US,'The product shall be easy for a realtor to learn.'
LF,'The product shall use symbols and words that are naturally understandable by the realtor community.'
US,'The product shall use symbols and words that are naturally understandable by the realtor community.'
F,'The product shall produce search results in an acceptable time'
PE,'The product shall produce search results in an acceptable time'
F,'The search results shall be returned no later 30 seconds after the user has entered the search criteria'
PE,'The search results shall be returned no later 30 seconds after the user has entered the search criteria'
F,'The product shall generate a CMA report in an acceptable time.'
PE,'The product shall generate a CMA report in an acceptable time.'
F,'The CMA report shall be returned no later 60 seconds after the user has entered the CMA report criteria.'
PE,'The CMA report shall be returned no later 60 seconds after the user has entered the CMA report criteria.'
F,'The product shall synchronize contacts and appointments in an acceptable time.'
PE,'The product shall synchronize contacts and appointments in an acceptable time.'
F,'The product shall synchronize with the office system every hour.'
PE,'The product shall synchronize with the office system every hour.'
A,'The product shall be available for use 24 hours per day 365 days per year'
A,'Out of 1000 accesses to the system the system is available 999 times.'
FT,'The product shall operate in offline mode whenever internet connection is unavailable.'
F,'The product shall allow the user to view previously downloaded search results CMA reports and appointments.'
F,'The product shall retain user preferences in the event of a failure.'
F,'100% of saved user preferences shall be restored when system comes back online.'
FT,'100% of saved user preferences shall be restored when system comes back online.'
F,'The product shall be able to support multiple remote users'
SC,'The product shall be able support 1000 simultaneous users.'
PE,'The product shall be capable of handling the existing 1000 users. This number is expected to grow 5 times within the next year.'
SC,'The product shall be capable of handling the existing 1000 users. This number is expected to grow 5 times within the next year.'
US,'The product shall be installed by an untrained realtor without recourse to separately-printed instructions.'
US,'90% of untrained realtors shall be able to install the product on their device without printed instructions'
PO,'The product is expected to run on Windows CE and Palm operating systems.'
SE,'Only registered realtors shall be able to access the system.'
F,'Every user of the system shall be authenticated and authorized.'
SE,'Every user of the system shall be authenticated and authorized.'
SE,'The product shall prevent its data from incorrect data being introduced.'
F,'The system shall allow a real estate agent to query MLS information'
F,'The user shall be able to get driving directions to a selected property'
F,'The user shall be able to download appointments and contact information for clients'
F,'The system shall display clear property images in the search results'
F,'The system shall update or create new property listings in the MLS'
F,'Realtor shall be able to generate a CMA report based on property criteria'
F,'The system shall be able to call the seller or buyer to schedule an appointment'
F,'The realtor shall be notified of new client appointments after automatic synchronization with office system'
F,'The realtor shall be able to retrieve a map showing property locations for a specified area'
F,'The system shall notify the realtor when a seller or buyer responds to an appointment request'
F,'The product shall allow the user to save the property search results.'
US,'The system shall be easy to use by the Program Administrators/Nursing Staff Members.'
US,'All of the users shall be able to use the system after one day of training.'
US,'The system shall help the user avoid making mistakes while scheduling classes and clinicals for the nursing students.'
US,'The number of mistakes noted by the students shall be decreased by 50% in the first year.'
US,'The system shall be intuitive to the Program Administrators/Nursing Staff Members.'
F,'2 out of 3 Program Administrators/Nursing Staff Members shall successfully be able to use the system to manage the scheduling of classes and clinicals.'
US,'2 out of 3 Program Administrators/Nursing Staff Members shall successfully be able to use the system to manage the scheduling of classes and clinicals.'
LF,'The system shall use symbols and words that are naturally understandable by the user community.'
US,'The system shall use symbols and words that are naturally understandable by the user community.'
LF,'The verbiage used within the system shall be consistent with Standard English and the terminology of the national Nursing Community.'
US,'The verbiage used within the system shall be consistent with Standard English and the terminology of the national Nursing Community.'
PE,'Staff members shall be able to complete a set of tasks in a timely manner.'
PE,'The response time of general student management tasks shall take no longer than 5 seconds and the response time of schedule generation shall take no longer than 30 seconds.'
A,'The system shall be available for use between the hours of 8am and 6pm.'
A,'The system shall achieve 95% up time.'
A,'system shall be able to handle all of the user requests/usage during business hours.'
SC,'system shall be able to handle all of the user requests/usage during business hours.'
A,'The system shall cater to 10 simultaneous users from 9am to 5pm.'
SC,'The system shall cater to 10 simultaneous users from 9am to 5pm.'
SC,'The system shall be capable of processing 100% of nursing students and their classes for the next 10 years.'
F,'The system shall be expected to manage the nursing program curriculum and class/clinical scheduling for a minimum of 5 years.'
SC,'The system shall be expected to manage the nursing program curriculum and class/clinical scheduling for a minimum of 5 years.'
O,'The system shall able to operate within a business office environment typical of the Nursing Department at DePaul University.'
O,'The system shall be used within the specifications defined by the computers used by the Program Administrators/Nursing Staff Members.'
O,'The system shall operate within the Windows XP Professional operating system.'
O,The system shall interface with CampusConnect's central server'
O,'The system shall interface with the faculty central server.'
O,'The system shall interface with the student master server.'
O,'We must be able to interface with any HTML browser.'
SE,'Only authorized users shall have access to clinical site information.'
SE,'Program Administrators/Nursing Staff Members are the only people who shall have access to clinical site details.'
SE,Only authorized users shall have access to students' personal information.'
SE,Dr Susan Poslusny and Dr Julie Donalek are the only people who shall have access to students' personal information.'
SE,'Only authorized users shall have access to the portion of the system that interfaces with CampusConnect.'
SE,'Fit Criterion: Dr Susan Poslusny and Karen Sysol are the only people who shall have access to the final class section scheduling for the system that interfaces with CampusConnect.'
F,'The system shall have basic data integrity checking to reduce the possibility of incorrect or invalid data being introduced.'
SE,'The system shall have basic data integrity checking to reduce the possibility of incorrect or invalid data being introduced.'
F,The system shall protect private information in accordance with the organization's information policy.'
L,The system shall protect private information in accordance with the organization's information policy.'
SE,The system shall protect private information in accordance with the organization's information policy.'
SE,'The system shall be built such that it is as secure as possible from malicious interference.'
SE,The system shall use the organization's standard virus protection software to help monitor threats to itself.'
F,'A cohort shall be associated to one Program of Study offered by the department.'
F,'Program Administrators and Nursing Staff Members shall be able to add a listing of students to a cohort.'
F,'Program Administrators and Nursing Staff Members shall be able to add a single student to a cohort'
F,Students added to a cohort shall be eligible for the cohort's Program of Study.'
F,'Program Administrators and Nursing Staff Members shall be able to specify the preferred sequence of classes for a given cohort.'
F,'For each class within a sequence for a cohort Program Administrators and Nursing Staff Members shall be able to specify which quarter that class will be offered.'
F,'Program Administrators and Nursing Staff Members shall be able to add new classes to a sequence of classes'
F,'Program Administrators and Nursing Staff Members shall be able to add clinical classes or sections to a sequence of classes'
F,'Program Administrators and Nursing Staff Members shall be able to add a new cohort to the system identified by start month and year.'
F,'Program Administrators and Nursing Staff Members shall be able to add new classes for the nursing department into the system.'
,'A class shall be either a non-clinical class or a clinical class.'
,'A non-clinical class shall specify the course name lecture room requirements and instructor needs.'
,'A clinical class shall specify the course name lecture room requirements clinical site needs lecture instructor needs and clinical lab instructor needs.'
F,'Program Administrators/Nursing Staff Members shall be able to create a new Program of Study.'
,'A Program of Study shall consist of a program name and listing of required classes (both clinical and non-clinical) that must be completed.'
F,'Program Administrators and Nursing Staff Members shall have the ability to specify which classes are required for a Program of Study'
F,The system shall be able to display a report of needed classes for a given quarter for all cohorts of all programs for Program Administrators/Nursing Staff Members' planning purposes.'
F,'The report of needed classes shall include (but not be limited to) classes to be offered number of sections needed number of labs needed and room types needed.'
F,'Classes for a given cohort shall not conflict with regards to the time and day that they are offered.'
F,'Program Administrators and Nursing Staff Members shall be able to add a new clinical site into the system.'
,'Clinical site information shall include (but not be limited to) the name of the site contact person and contact information.'
F,'Program Administrators and Nursing Staff Members shall be able to add a new clinical lab section for an existing clinical class into the System.'
,'A clinical lab section shall include the clinical site name the class instructor day and time of the lab.'
F,'Program Administrators and Nursing Staff Members shall be able to add a student who has registered for a clinical class to a clinical lab section for that class.'
F,'The system shall allow a Program Administrator or Nursing staff member to remove a student from a clinical lab section.'
F,'The system shall allow a Program Administrator/Nursing Staff Member to move a student from one clinical lab section to another clinical lab section corresponding to the same clinical class.'
F,'Program Administrators/Nursing Staff Members shall be able to cancel a clinical lab section only if there are no students registered for that clinical lab section.'
F,'A Program Administrator/Nursing Staff Member shall be able to add a new nursing student to the system.'
F,'A staff member shall have the ability to manage the progress of a part time student which includes modifying their sequence of classes and timeline of classes.'
F,'The system shall be able to display a printable summary for individual cohorts which will include the students enlisted the Program of study sequence of classes cohort progress through the program and timeline of completion.'
F,'The system shall be able to display a printable summary for individual clinical sites which will include information on labs being held at that site for the given quarter (Clinical site general information on labs held at that location dates and times of all labs held there).'
F,'The system shall be able to display a printable summary for individual clinical labs which will include (but not be limited to) class name class number lab section listing of students enrolled instructor day(s) time and location.'
F,'The system shall be able to display a printable summary for individual nursing students which will include (but not be limited to) student name student ID admission date classes credits GPA and the cohort that the student is enrolled in.'
F,'The system shall be able to display a printable summary of the system log.'
F,'The system shall contain contact information (e-mail and phone number) for all people relevant to the system including (but not limited to) staff members students lecture instructors clinical lab instructors and clinical site administrators.'
F,'The system will use the stored e-mail addresses as a primary means of communicating information to affected parties.'
F,'The system will notify affected parties for routine communication purposes including but not limited to informing students of upcoming offered classes (timeline) and what their schedule will be/shall be.'
F,'The system will notify affected parties when changes occur affecting clinicals including but not limited to clinical section capacity changes and clinical section cancellations.'
F,'The system will notify affected parties when changes occur affecting classes including but not limited to class cancellations class section detail changes and changes to class offerings for a given quarter.'
F,The system will notify affected parties when changes occur affecting cohorts including but not limited to changes to the sequence for a cohort's program of study and changes to a given week's schedule (lab cancelled this week due to instructor illness).'
F,The system will notify affected parties when changes occur affecting specific students including but not limited to changing a student's status from full time to part time and moving a student to a different clinical section.'
F,'Program Administrators/Nursing Staff Members shall have the ability to modify information relating to cohorts including cohort identifier program of study preferred sequence of classes and quarters that a cohort will be taking specific classes.'
F,'Program Administrators/Nursing Staff Members shall have the ability to modify information relating to a Program of Study within the Nursing Department including the Program of study name and required classes for that Program of Study.'
F,'Program Administrators/Nursing Staff Members shall have the ability to modify information relating to a Clinical Site including the clinical site name site contact person contact information and address.'
F,'Program Administrators/Nursing Staff Members shall have the ability to modify information relating to a Clinical Lab Section including the clinical site name the department/section for the lab the class instructor day and time of lab and contact information.'
F,'Program Administrators/Nursing Staff Members shall have the ability to modify information relating to a Nursing Student including student ID student name phone number e-mail status (full time or part time) and program of study.'
L,'The Disputes application shall comply with the corporate standards for user interface creation for internally and externally used applications.'
LF,'The Disputes application shall comply with the corporate standards for user interface creation for internally and externally used applications.'
L,'All screens created as part of the Disputes application must comply with corporate standards for interface creation.'
LF,'All screens created as part of the Disputes application must comply with corporate standards for interface creation.'
LF,'The list of dispute cases that are displayed after a search is performed must be color coded for easy identification of dispute cases based upon the dispute case status.'
SC,'100% of the cardmember and merchant services representatives shall use the Disputes application regularly after a 2-day training course.'
US,'100% of the cardmember and merchant services representatives shall use the Disputes application regularly after a 2-day training course.'
SC,'100% of cardmember services representatives shall be able to successfully create a dispute case on the first encounter after completing the training course.'
US,'100% of cardmember services representatives shall be able to successfully create a dispute case on the first encounter after completing the training course.'
SC,'100% of merchant services representatives shall be able to successfully perform a follow up action on a dispute case on the first encounter after completing the training course.'
US,'100% of merchant services representatives shall be able to successfully perform a follow up action on a dispute case on the first encounter after completing the training course.'
PE,'The maximum wait time for a user navigating from one screen to another within the Disputes application shall be no more than 5 seconds.'
PE,'The Disputes application shall support 350 concurrent users without any degradation of performance in the application.'
SC,'The Disputes application shall support 350 concurrent users without any degradation of performance in the application.'
A,'The Disputes application shall be available 24x7x365 with the exception of the following scheduled maintenance windows. Monday â€“ Saturday 3:00am to 4:00am EST Sunday 1:00amd to 5:00am EST'
O,'The Disputes application shall be available 24x7x365 with the exception of the following scheduled maintenance windows. Monday â€“ Saturday 3:00am to 4:00am EST Sunday 1:00amd to 5:00am EST'
O,'The Disputes application shall interface with the Statement Database. The Statement Database provides the transaction details to the Disputes System. All transaction details must be obtained from the Statement Database'
O,'The Disputes application shall interface with the Cardmember Information Database. The Cardmember Information Database provides detailed information with regard to a cardmember. All cardmember detail information must be obtained from the Cardmember Information Database.'
O,'The Disputes applications shall interface with the Merchant Information Database. The Merchant Information Database provides detailed information with regard to the merchant. All merchant detail information shall be obtained from the Merchant Information Database.'
O,'The Disputes application shall interface with the Letters application. This will allow the Disputes application to request letters as part of the dispute initiation and dispute follow up process. All letter requests must be sent to the Print Letter Utility application.'
O,The Disputes application shall interface with the Cardmember Posting and Billing System. This will allow the Disputes application to request adjustments to cardmember and merchant's accounts. All adjustment requests must be sent to the Cardmember Posting and Billing System.'
SE,'The Disputes application shall ensure that only users with the appropriate access level are allowed to initiate dispute requests.'
F,'Only users with Update access must be able to initiate dispute requests.'
SE,'Only users with Update access must be able to initiate dispute requests.'
SE,'The Disputes application shall ensure that only authorized users are allowed to logon to the application.'
SE,'All authorized users once authenticated must be able to logon to the Disputes System'
F,The Disputes System shall generate a User Report that details any new users that have been added and any changes to an existing user's access level. The report will be reviewed for auditing purposes.'
F,All additions of new users and modifications to user's access shall be recorded on the User Report.'
SE,'If a user account is revoked it can only be re-instantiated by the System Administrator.'
SE,'Only the System Administrator shall be able to reset a revoked user logon account'
F,'The Disputes application shall manipulate and view business data. Users will not have direct access to data files or databases.'
SE,'The Disputes application shall manipulate and view business data. Users will not have direct access to data files or databases.'
,'All updates to data files or database must be initiated from the Disputes System.'
L,'The Disputes application must conform to the legal requirements as specified by the Merchant Operating Regulations.'
L,'All business rules specified in the Disputes System shall be in compliance with the Merchant Operating Regulations.'
L,'The Disputes application must conform to the legal requirements as specified by Regulation E and Regulation Z that govern credit card disputes processing.'
L,'All business rules specified in the Disputes System shall be in compliance to the guidelines of Regulation E and Regulation Z.'
F,'The Disputes application must maintain a detailed history of every action that a user takes on a dispute case. This ensures a complete audit trail if questions arise later on with regard to a particular dispute case.'
L,'The Disputes application must maintain a detailed history of every action that a user takes on a dispute case. This ensures a complete audit trail if questions arise later on with regard to a particular dispute case.'
F,'All actions that modify an existing dispute case must be recorded in the case history.'
L,'All actions that modify an existing dispute case must be recorded in the case history.'
MN,'All actions that modify an existing dispute case must be recorded in the case history.'
A,'The Disputes System must be accessible by both internal and external users.'
SE,'The Disputes System must be accessible by both internal and external users.'
SE,'The Disputes System must prevent users from accessing any dispute cases that do not belong to their cardholder base.'
PE,'The Disputes System will facilitate direct data entry of a dispute case via a user interface that supports real time responses to the users.'
SC,'The Disputes System will facilitate direct data entry of a dispute case via a user interface that supports real time responses to the users.'
SE,'The Disputes System must provide different levels of access with regard to disputes case initiation and follow-up actions.'
SE,'The Disputes System shall provide view access capability for authorized users of the application.'
F,'The Disputes System shall provide update access capability for authorized users of the application.'
SE,'The Disputes System shall provide update access capability for authorized users of the application.'
F,'The Disputes System must allow the users to select disputable transactions (based on the age of the transaction) from a user interface and initiate a dispute (ticket retrieval request or chargeback notification) on the selected transaction.'
F,'The Disputes System must provide the user the ability to initiate a single dispute case on multiple transactions that belong to a single merchant.'
F,'The Disputes System will provide the user the ability to create or initiate a ticket retrieval request. As part of ticket retrieval creation process the system must prompt the user to enter all the required information to create the ticket retrieval request. The ticket retrieval request is a document that is sent to merchant inquiring the validity of a transaction.'
F,'The Disputes System must allow the user to create three unique types of ticket retrieval requests. The three types of ticket retrieval requests are (1) Request for original receipt (2) Request for a copy of the receipt or (3) Request for a portfolio. A portfolio consists of documentation that would provide proof of a purchase such as the documentation that is received from a car rental agency that is more than a sales receipt.'
F,'The Disputes System must prevent external users from requesting original receipts. Requests for original receipts are restricted to internal users.'
F,'The Disputes System must provide a confirmation to the user upon the creation of ticket retrieval request that contains the following information; the dispute case number the type of retrieval requested (copy original or portfolio) and the date that the merchant response is due.'
F,'The Disputes System shall allow the user to create or initiate a chargeback request. The system must prompt the user to enter the required information to initiate a chargeback request. The chargeback request results in a printed chargeback notification that is sent to merchant indicating that their account will be charged back if no proof is provided that the disputed transaction is valid.'
F,'The Disputes System must provide a confirmation to the user upon the creation of a chargeback request. The confirmation must contain the following information; the dispute case number the type of chargeback requested (pending or immediate) and the date that the merchant response is due.'
F,'The Disputes System shall prevent the creation of duplicate dispute requests 100% of the time.'
L,'The Disputes System shall prevent the creation of duplicate dispute requests 100% of the time.'
MN,'The Disputes System shall prevent the creation of duplicate dispute requests 100% of the time.'
F,'The Disputes System shall accurately provide a list of possible reason codes for a given transaction. The list of possible reason codes must be derived based on the type of transaction and the industry that the merchant belongs to according to the business rules defined for the Disputes System.'
L,'The Disputes System shall accurately provide a list of possible reason codes for a given transaction. The list of possible reason codes must be derived based on the type of transaction and the industry that the merchant belongs to according to the business rules defined for the Disputes System.'
MN,'The Disputes System shall accurately provide a list of possible reason codes for a given transaction. The list of possible reason codes must be derived based on the type of transaction and the industry that the merchant belongs to according to the business rules defined for the Disputes System.'
F,'The Disputes System must provide the ability to view existing dispute cases.'
F,'The Disputes System must provide Search functionality. The search method must include the ability to search by (1) the dispute case number (2) the merchant account number (3) the cardmember account number and (4) the issuer number. In addition to the above criteria the search functionality must further allow the user to limit the results of the search by a date range the type of dispute (ticket retrieval request or chargeback notification) the case status (open closed or all) and the dispute reason code.'
F,'A list of all disputes cases that meet the entered search criteria must be provided to the user. The list of cases must differentiate the type and/or status of the case by color -coding the line item in the list. For example all open cases will be yellow and all closed cases will be gray.'
LF,'A list of all disputes cases that meet the entered search criteria must be provided to the user. The list of cases must differentiate the type and/or status of the case by color -coding the line item in the list. For example all open cases will be yellow and all closed cases will be gray.'
F,'The Disputes System shall provide the users the ability to view the history of all activities that have occurred on the dispute case.'
F,'The Dispute System shall provide the users with the ability to follow up on a dispute case via follow-up actions. The list of available follow up actions for a given dispute case must be filtered by the status of the case and the access level of the user.'
F,'The Disputes System shall record the name of the user and the date for any activity that creates or modifies the disputes case in the system. A detailed history of the actions taken on the case including the date and the user that performed the action must be maintained for auditing purposes.'
F,'For any systematic (non-user initiated) action that occurs on a case such as the disputes aging process a case activity will be generated. Upon the next logon the user that initiated the dispute case must be notified that a systematic action has occurred on the dispute case.'
F,'All letter requests must be formatted according to guidelines specified by the Print Letter Utility system.'
L,'All letter requests must be formatted according to guidelines specified by the Print Letter Utility system.'
LF,'All letter requests must be formatted according to guidelines specified by the Print Letter Utility system.'
F,'Any disputes cases that have been closed for over 6 months must be purged from the online disputes database.'
PO,'The product must support Internet Explorer 5.5 and above.'
PO,'The product must support Mozilla Firefox 1.0 and above.'
O,'The product shall interface with the Choice Parts System. This provides the feed of recycled parts data.'
PO,'The product shall run on the existing hardware for all environments.'
L,'The product shall adhere to the corporate Architecture guidelines'
L,'The product shall comply with corporate User Interface Guidelines'
LF,'The product shall comply with corporate User Interface Guidelines'
L,'The product shall comply with corporate color scheme'
LF,'The product shall comply with corporate color scheme'
LF,'The appearance of the product shall appear professional'
US,'The product shall be easy to use by Adjusters and Collision Estimators. 95% of Adjusters and Collision Estimators shall find the product easy to use.'
US,'The product shall increase productivity of Collision Estimators. 80% of the Collision Estimators shall agree their productivity has increase within 1 month of using the product.'
US,'Users shall feel satisfied using the product. 85% of all users will be satisfied with the product.'
US,'The product shall be easy to learn by Adjusters and Collision Estimators. The product shall be learned with two days onsite training'
LF,'The user shall easily locate instructions while using the product. User help can be found within 90% of the system.'
US,'The user shall easily locate instructions while using the product. User help can be found within 90% of the system.'
PE,'The search for recycled parts shall take no longer than 15 seconds. The search results shall be returned in under 15 seconds.'
PE,'The search for the preferred repair facility shall take no longer than 8 seconds. The preferred repair facility is returned within 8 seconds'
F,'The recycled parts audit report shall be returned to the user within 10 seconds. The audit report shall be returned within 10 seconds.'
PE,'The recycled parts audit report shall be returned to the user within 10 seconds. The audit report shall be returned within 10 seconds.'
F,'The preferred repair facility ratings shall be saved within 5 seconds. The save shall occur within 5 seconds.'
PE,'The preferred repair facility ratings shall be saved within 5 seconds. The save shall occur within 5 seconds.'
A,'The product shall adhere to the corporate online availability schedule. The application is brought down only within 98% of the scheduled outages per the availability schedule.'
A,'The product shall achieve a 98% uptime. The product shall not fail more than 2% of the available online time.'
FT,'The product shall achieve a 98% uptime. The product shall not fail more than 2% of the available online time.'
SC,'The product shall be able to handle up to 1500 simultaneous users. The system shall perform with 1500 users as a time.'
SC,'The average number of recycled parts records per day shall be 50 000.'
SC,'The product shall be able to handle 10 000 concurrent users within 2 years of the initial launch.'
O,'For estimators the product shall be able to be operated in a repair facility during dirty and noisy conditions.'
O,'The product shall interface with the ChoiceParts system once per day at approximately 1:00 AM.'
MN,'The maintenance of the product will fall within the established corporate maintenance windows.'
O,'The product shall be supported using the corporate support center.'
MN,'Product installations and upgrades shall be handled by the middleware technology team within established launch time frames.'
F,'Only adjusters can request recycled parts audit reports. No users without an adjuster role shall request recycled parts audits.'
SE,'Only adjusters can request recycled parts audit reports. No users without an adjuster role shall request recycled parts audits.'
F,'Only adjusters with a supervisor role can update preferred repair facility ratings. Users without the supervisor role cannot access the repair facility ratings.'
SE,'Only adjusters with a supervisor role can update preferred repair facility ratings. Users without the supervisor role cannot access the repair facility ratings.'
F,'Only collision estimators shall search for recycled parts. Users without the collision estimator role shall not have access to the search for recycled parts.'
SE,'Only collision estimators shall search for recycled parts. Users without the collision estimator role shall not have access to the search for recycled parts.'
SE,'Only valid data shall be entered into the system. No invalid data shall be entered into the system.'
US,'Only valid data shall be entered into the system. No invalid data shall be entered into the system.'
SE,'One insurance company shall not be able to view another insurance companys claim data.'
SE,'The product shall free of computer viruses.'
SE,'The system shall prevent malicious attacks including denial of service.'
L,'The product must comply with Sarbanes-Oxley.'
L,'The product shall comply with the estimatics laws relating to recycled parts usage.'
L,'The product shall comply with insurance regulations regarding claims processing.'
F,'The user shall search for the preferred repair facility using vehicle vehicle location and radius in miles'
,'The vehicle data shall include vehicle year make and model'
,'The vehicle location shall include street address city state and zipcode'
F,'The system shall resolve the zipcode for the street address city and state if zipcode is unknown.'
,'The search radius shall be between 1 and 30 miles'
F,'The system shall locate the preferred repair facility with the highest ratings for the input criteria'
F,'The adjuster shall enter the preferred repair facility on the estimate assignment.'
F,'The adjuster shall be able to override the preferred repair facitlity on the estimate assignment.'
F,'The preferred repair facility shall be returned to the user.'
F,'The system shall return a list of repair facilities within the radius if the preferred repair facility cannot be determined.'
F,'The estimator shall search for available recycled parts using damaged vehicle parts information.'
F,'The estimator shall search for available recycled parts using a list of preferred parts suppliers.'
F,'The system shall search for available recycled parts for the supplied vehicle parts and suppliers.'
F,'The estimator shall search by zipcode with a radius of 30 miles if no parts are found for the preferred parts suppliers'
F,'The system shall retain the available recycled parts and suppliers returned from the search.'
F,'The available recycled parts information and their suppliers shall be returned to the user.'
F,'The estimator shall apply selected recycled parts to the collision estimate.'
F,'The estimator shall not apply recycled parts to the collision estimate if no available parts are returned.'
F,'The adjuster shall review the collision estimate.'
F,'The adjuster shall request a recycled parts audit of the collision estimate.'
F,'The recycled parts search results provided to the estimator shall be retrieved by the system.'
F,'The system shall generate an audit report based on the available recycled parts and the collision estimate.'
F,'The audit report shall include the total number of recycled parts used in the estimate.'
F,'The audit report shall include the number of available recycled parts from the original search results.'
F,'The audit report shall include the percentage of available recycled parts used in the estimate '
F,'The audit report shall include the total score of the audit which sums the indivual line items.'
F,'The audit report shall be displayed to the user.'
F,'The audit report shall be available to other adjusters at later points in time.'
F,'The user shall select to view the preferred repair facility ratings.'
F,'The current repair facility ratings shall be displayed to the user.'
F,'The system will display a blank set of ratings if there are not ratings yet defined.'
F,'The user shall enter new ratings based on the audit report'
F,'The ratings shall be from a scale of 1-10'
,'The ratings shall include categories for attempted use of recycled parts and actual use of recycled parts'
F,'The user shall select to save the preferred repair facility ratings.'
F,'The preferred repair facility ratings shall be saved by the system.'
O,'The product must work with most database management systems (DBMS) on the market whether the DBMS is colocated with the product on the same machine or is located on a different machine on the computer network.'
PO,'The product must work with most database management systems (DBMS) on the market whether the DBMS is colocated with the product on the same machine or is located on a different machine on the computer network.'
PO,'The product will function alongside server software on any operating system where the Java runtime can be installed.'
O,'The product will require collaboration with a database management system (DBMS). The DBMS may be located on the same machine as the product or on a separate machine residing on the same computer network.'
PO,'The product will require collaboration with a database management system (DBMS). The DBMS may be located on the same machine as the product or on a separate machine residing on the same computer network.'
O,'The product must make use of web/application server technology. Open source examples include Apache web server Tomcat and the JBoss application server.'
O,'A database management system such as Oracle DB2 MySql or HSQL will need to be integrated with the product.'
LF,The product's Look and Feel shall be able to incorporate aspects of the customer's organization such as logo branding and identity'
LF,'The product shall have a conservative and professional appearance.'
US,'The product shall make the users want to use it. 80% of the users surveyed report they are regularly using the product after the first 2 weeks post-launch.'
US,'The product shall be easy to use. 90% of users will be able to successfully reserve a conference room within 5 minutes of product use.'
PE,'The product shall give users feedback when necessary. 80% of the users surveyed report that the product accurately confirms their actions.'
US,'The product shall give users feedback when necessary. 80% of the users surveyed report that the product accurately confirms their actions.'
F,'The product shall allow the user to select a chosen language from one of the target market countries.'
US,'The product shall allow the user to select a chosen language from one of the target market countries.'
US,'The product shall allow for customization of start page and views preferences.'
US,'An employee will be able to successfully use the product within a few minutes. After informally navigating the product for less than 15 minutes users shall be able to successfully setup meetings and reserve conference rooms.'
US,'The product shall use a standard navigation menu familiar to most web users.'
F,'The product shall allow for intuitive searching of available conference rooms.'
US,'The product shall allow for intuitive searching of available conference rooms.'
L,'The product shall conform to the Americans with Disabilities Act.'
PE,The response shall be fast enough to avoid interrupting the user's flow of thought. 90% of tasks shall complete within 5 seconds. 98% of tasks shall complete within 8 seconds.'
A,'Aside from server failure the software product shall achieve 99.99% up time.'
F,'The product shall create an exception log of problems encountered within the product for transmission to our company for analysis and resolution.'
MN,'The product shall create an exception log of problems encountered within the product for transmission to our company for analysis and resolution.'
SC,'The product shall be capable of handling up to 1 000 concurrent requests. This number will increase to 2 000 by Release 2. The concurrency capacity must be able to handle peak scheduling times such as early morning and late afternoon hours.'
SC,'The product shall be able to process 10 000 transactions per hour within two years of its launch. This number will increase to 20 000 by Release 2.'
O,'The product shall be expected to operate for at least 5 years for each customer installation.'
O,'The product shall be used in office environments.'
LF,'The product must be able to interface with any HTML browser. The product shall transmit data between the user and the product without problems. The product shall display HTML properly in 80% of all HTML browsers tested (minimum is to test 8 browsers).'
O,'The product must be able to interface with any HTML browser. The product shall transmit data between the user and the product without problems. The product shall display HTML properly in 80% of all HTML browsers tested (minimum is to test 8 browsers).'
PO,'The product must be able to interface with any HTML browser. The product shall transmit data between the user and the product without problems. The product shall display HTML properly in 80% of all HTML browsers tested (minimum is to test 8 browsers).'
A,'The product must be able to interface with various database management systems. The product shall communicate successfully with the database management system on 100% of all transactions.'
O,'The product must be able to interface with various database management systems. The product shall communicate successfully with the database management system on 100% of all transactions.'
PO,'The product must be able to interface with various database management systems. The product shall communicate successfully with the database management system on 100% of all transactions.'
O,'The product must be able to interface with various email servers. The product shall be able to send email.'
PO,'The product must be able to interface with various email servers. The product shall be able to send email.'
O,'The product shall be available for distribution via the Internet as a binary or ZIP file.'
O,'The product shall be available for distribution as a packaged CD.'
O,'The product will be available for licensing as a one-server two-five servers or five-or-more servers license.'
PE,'A new user must be able to be added to the system within 10 minutes. 90% of new users are able to log into the system within 10 minutes.'
MN,'The product must be designed using Design Patterns and coding best practices. 90% of maintenance software developers are able to integrate new functionality into the product with 2 working days.'
MN,The product must be highly configurable for use with various database management systems for the end users. 80% of end users are able to integrate new database management systems with the product without changing the product's software code.'
PO,The product must be highly configurable for use with various database management systems for the end users. 80% of end users are able to integrate new database management systems with the product without changing the product's software code.'
MN,'Maintenance releases will be offered to customers once a year. The releases shall take no longer than 5 minutes for 80% of the customer base to install.'
PE,'Maintenance releases will be offered to customers once a year. The releases shall take no longer than 5 minutes for 80% of the customer base to install.'
LF,Every registered user will have access to the product's support site via the Internet. 70% of registered users shall find a solution to their problem within 5 minutes of using the support site.'
SE,Every registered user will have access to the product's support site via the Internet. 70% of registered users shall find a solution to their problem within 5 minutes of using the support site.'
US,Every registered user will have access to the product's support site via the Internet. 70% of registered users shall find a solution to their problem within 5 minutes of using the support site.'
MN,The customer shall be able to easily integrate new building maps with the product throughout the product's lifecycle. Integration of new maps with the product shall be possible with little to no support from product support staff.'
MN,The product shall be translated into foreign languages other than the target market countries' languages in future releases. For each emerging target market it shall take no more than 5 days to configure the product for that market's language.'
SC,The product shall be translated into foreign languages other than the target market countries' languages in future releases. For each emerging target market it shall take no more than 5 days to configure the product for that market's language.'
US,The product shall be translated into foreign languages other than the target market countries' languages in future releases. For each emerging target market it shall take no more than 5 days to configure the product for that market's language.'
O,'The product is expected to integrate with multiple database management systems. The product will operate with Oracle SQL Server DB2 MySQL HSQL and MS Access.'
PO,'The product is expected to integrate with multiple database management systems. The product will operate with Oracle SQL Server DB2 MySQL HSQL and MS Access.'
O,'The product shall be able to be installed in any operating environment within 2 days.'
PO,'The product shall be able to be installed in any operating environment within 2 days.'
SE,'The product shall ensure that only company employees or external users with company-approved user IDs may have product access. 100% of all logons shall be by either company employees or external users with company-approved user IDs.'
F,'Only managers are able to perform search queries for reservations by user. 100% of all search queries for reservations by user shall be from logons of only management logons.'
SE,'Only managers are able to perform search queries for reservations by user. 100% of all search queries for reservations by user shall be from logons of only management logons.'
SE,The product shall ensure that the database's data corresponds to the data entered by the user. Each conference room reservation in the system will contain the same information as was entered by the user.'
SE,The product shall prevent the input of malicious data. The product and/or adjacent hardware/software systems' data shall remain 100% uncorrupted each time malicious data is input into the product.'
A,'The product and/or dependent databases/filesystems shall remain operational as a result of the input of malicious data. The product and/or dependent databases/filesystems shall not crash 100% of the time that malicious data is input into the product.'
FT,'The product and/or dependent databases/filesystems shall remain operational as a result of the input of malicious data. The product and/or dependent databases/filesystems shall not crash 100% of the time that malicious data is input into the product.'
SE,'The product and/or dependent databases/filesystems shall remain operational as a result of the input of malicious data. The product and/or dependent databases/filesystems shall not crash 100% of the time that malicious data is input into the product.'
MN,'The product shall have the ability to receive automatic software updates as new threats emerge. 100% of customers will be able to receive automatic software updates transmitted to the installed product.'
SE,'The product shall have the ability to receive automatic software updates as new threats emerge. 100% of customers will be able to receive automatic software updates transmitted to the installed product.'
SC,'The language of the product shall accommodate all of the target market countries. 90% of survey respondents from each target market country will find that the language of the product is acceptable.'
US,'The language of the product shall accommodate all of the target market countries. 90% of survey respondents from each target market country will find that the language of the product is acceptable.'
F,The product shall be able to display calendar dates and times according to the user's locale. 90% of survey respondents from each target market country will find that the date and time formatting of the product is correct.'
US,The product shall be able to display calendar dates and times according to the user's locale. 90% of survey respondents from each target market country will find that the date and time formatting of the product is correct.'
O,'The product must be developed with the J2SE/J2EE programming language libraries'
F,'The product shall record meeting entries.'
F,'The product will notify employees of meeting invitations.'
F,'The product shall have the ability to send meeting reminders to employees.'
F,'The product shall assign the organizers contact information to each meeting they create.'
F,'The product will record meeting acknowledgements.'
F,'The product shall store new conference rooms.'
F,'The product shall update existing conference rooms.'
F,'The product will be able to delete conference rooms.'
F,'The product shall be able to store new room equipment.'
F,'The product will update existing room equipment.'
F,'The product shall be able to delete room equipment.'
F,'The product shall allow an organizer to invite other employees to meetings.'
F,'Each time a conference room is reserved the conference room schedule shall be updated to reflect the time and date of the reservation.'
F,'The product shall record the transportation status of equipment reserved.'
F,'The product shall display a map of the company building showing conference room locations.'
F,'The product shall record updated meeting agendas.'
F,'The product shall send a meeting confirmation to the meeting organizer.'
F,'The product shall display room equipment according to search parameters.'
F,'The product shall display conference rooms according to search parameters.'
F,'The product shall record different meeting types.'
F,'The product shall record all the equipment that has been reserved.'
F,'The product shall notify building personnel of equipment transport requests.'
F,'The product will allow priviledged users to view meeting schedules in multiple reporting views.'
F,'The product shall be able to send meeting notifications via different kinds of end-user specified methods.'
F,'The product shall have a customizable Look and Feel.'
LF,'The product shall have a customizable Look and Feel.'
US,'The product shall have an intuitive user interface.'
F,'The product will display an available status for unreserved conference rooms.'
F,'Recreation of Inventory Quantity Adjustment for the period of previous 30 days shall take no more than 30min.'
PE,'Recreation of Inventory Quantity Adjustment for the period of previous 30 days shall take no more than 30min.'
SC,'The System shall allow for a minimum of 6 users to work at the same time.'
O,'The System shall utilize currently owned computer equipment.'
F,'The System shall be able to automatically backup business data and restore them on demand.'
FT,'The System shall be able to automatically backup business data and restore them on demand.'
SE,'The System shall maintain consistent security. Any changes in user passwords and/or permissions should take affect in all parts of the System.'
SE,'The System shall granularly control access rights to all major subsystems. It should be possible to assign access rights to all subsystems independently.'
L,'The System shall meet all applicable accounting standards. The final version of the System must successfully pass independent audit performed by a certified auditor.'
MN,'The System shall meet all applicable accounting standards. The final version of the System must successfully pass independent audit performed by a certified auditor.'
O,'The System shall not require additional third party licenses resulting in royalty fees.'
F,'The System shall allow generation of Inventory Quantity Adjustment documents on demand.'
F,'The System shall allow on demand generation of all Inventory Quantity Adjustment documents since certain point of time.'
F,'The IQA subsystem shall take into account current inventory status and adjust inventory of substitutionary ingredients accordingly.'
F,'The System shall allow entering storing and modifying product formulas.'
F,'Product formulas shall allow use of semi-products which have own formulas.'
F,'Product formula ingredients shall allow defining substitutionary ingredients.'
F,'Product formula substitutionary ingredients shall be entered automatically by the PFE subsystem.'
F,'Formula substitutionary ingredients shall be kept in persisted order'
F,'Product shall allow entering storing and modifying product menus used by POS terminals.'
F,'PME Subsystem shall allow building product menus based on the list of products kept in the accounting system.'
LF,'PME Subsystem shall allow keeping submenus within menus and products within submenus in a managed and persisted order.'
US,'PME Subsystem shall allow keeping submenus within menus and products within submenus in a managed and persisted order.'
F,'PME Subsystem shall allow for a product to exist in more than one submenu'
LF,'The RMS System shall have Windows XP look and feel and use GUI futures making its use intuitive.'
US,'The RMS System shall have Windows XP look and feel and use GUI futures making its use intuitive.'
F,'The System shall generate Inventory Quantity Adjustment document based on product daily sales data and product formulas.'
F,'The System shall generate Inventory Quantity Adjustment document automatically when daily Product Sales data is available.'
F,'Administrator shall be able to activate a pre-paid card via the Administration section in under 5 seconds.'
PE,'Administrator shall be able to activate a pre-paid card via the Administration section in under 5 seconds.'
US,'Administrator shall be able to activate a pre-paid card via the Administration section in under 5 seconds.'
F,'Customer shall be able to check the status of their prepaid card by entering in the PIN number in under 5 seconds.'
PE,'Customer shall be able to check the status of their prepaid card by entering in the PIN number in under 5 seconds.'
US,'Customer shall be able to check the status of their prepaid card by entering in the PIN number in under 5 seconds.'
F,"System shall let customers register on the website as a ""pay as you go"" user in under 5 minutes.'"
PE,"System shall let customers register on the website as a ""pay as you go"" user in under 5 minutes.'"
US,"System shall let customers register on the website as a ""pay as you go"" user in under 5 minutes.'"
F,"System shall let customers register on the website as a ""unlimited movie subscriber"" user in under 10 minutes.'"
PE,"System shall let customers register on the website as a ""unlimited movie subscriber"" user in under 10 minutes.'"
US,"System shall let customers register on the website as a ""unlimited movie subscriber"" user in under 10 minutes.'"
F,'System shall let existing customers log into the website with their email address and password in under 5 seconds.'
PE,'System shall let existing customers log into the website with their email address and password in under 5 seconds.'
US,'System shall let existing customers log into the website with their email address and password in under 5 seconds.'
F,'System shall let customers cancel their account process shall take no longer than 2 minutes. Database will mark the account as inactive and user will not be able to log into the website.'
PE,'System shall let customers cancel their account process shall take no longer than 2 minutes. Database will mark the account as inactive and user will not be able to log into the website.'
SE,'System shall let customers cancel their account process shall take no longer than 2 minutes. Database will mark the account as inactive and user will not be able to log into the website.'
US,'System shall let customers cancel their account process shall take no longer than 2 minutes. Database will mark the account as inactive and user will not be able to log into the website.'
F,'System shall let administrator de-activate a customer account in under 1 minute. Customer will no longer be able to access the website.'
PE,'System shall let administrator de-activate a customer account in under 1 minute. Customer will no longer be able to access the website.'
SE,'System shall let administrator de-activate a customer account in under 1 minute. Customer will no longer be able to access the website.'
F,'System shall let administrator add/remove movies on the website in under 5 minutes. Entered movie information will be stored in the database and will now be available on the website.'
PE,'System shall let administrator add/remove movies on the website in under 5 minutes. Entered movie information will be stored in the database and will now be available on the website.'
US,'System shall let administrator add/remove movies on the website in under 5 minutes. Entered movie information will be stored in the database and will now be available on the website.'
F,'System shall let the administrator add/remove categories on the website in under 5 minutes.'
PE,'System shall let the administrator add/remove categories on the website in under 5 minutes.'
US,'System shall let the administrator add/remove categories on the website in under 5 minutes.'
PE,'System shall let Izogn Manager access sales and usage statistics in under 2 minutes.'
F,'System shall let administrators generate unique pre-paid pins in under 2 minutes and generate an Excel file with the generated PINs.'
PE,'System shall let administrators generate unique pre-paid pins in under 2 minutes and generate an Excel file with the generated PINs.'
US,'System shall let administrators generate unique pre-paid pins in under 2 minutes and generate an Excel file with the generated PINs.'
LF,'The website shall be attractive to all audiences. The website shall appear to be fun and the colors should be bright and vibrant.'
LF,'The website should have an African feel but should not alienate non-Africans. The website should use animation on pages which are describing the services to grab the users attention and encourage them to sign up.'
LF,'The website design should be modern clean and concise.'
US,'The product should be able to be used by 90% of novice users on the Internet.'
LF,'Users should only have to navigate through a maximum of 4 pages to create an account with the website.'
US,'Users should only have to navigate through a maximum of 4 pages to create an account with the website.'
F,'Users should be able to access their streaming movies in under 2 clicks after logging into the website.'
LF,'Users should be able to access their streaming movies in under 2 clicks after logging into the website.'
US,'Users should be able to access their streaming movies in under 2 clicks after logging into the website.'
US,'An anonymous survey will show that 70% of customers are comfortable purchasing streaming movies after 2 weeks using the website.'
US,'An anonymous survey will show that 95% of customers are comfortable using and purchasing pre-paid cards after a month of using the system.'
F,The product shall retain the customer's buying preferences and information.'
US,The product shall retain the customer's buying preferences and information.'
F,'The product shall be easy for customers with novice skills on the Internet to purchase and watch streaming movies. Customers should be able to purchase and watch a pre-determined movie in under 3 minutes.'
PE,'The product shall be easy for customers with novice skills on the Internet to purchase and watch streaming movies. Customers should be able to purchase and watch a pre-determined movie in under 3 minutes.'
US,'The product shall be easy for customers with novice skills on the Internet to purchase and watch streaming movies. Customers should be able to purchase and watch a pre-determined movie in under 3 minutes.'
LF,'The product shall use symbols and words that are naturally understandable by users familiar with websites'
US,'The product shall use symbols and words that are naturally understandable by users familiar with websites'
LF,'The website will use standard Internet conventions when interacting with the user.'
US,'The website will use standard Internet conventions when interacting with the user.'
FT,'Any interface between a user and the automated system shall have a maximum response time of 5 seconds unless noted by an exception below.'
PE,'Any interface between a user and the automated system shall have a maximum response time of 5 seconds unless noted by an exception below.'
PE,'When purchasing a streaming movie or pre-paid card via credit card the processing time should have a maximum response time of 15 seconds.'
PE,When streaming a movie the buffering time should take no longer than 10 seconds (plus any latency on the user's connection.)'
PE,While streaming a movie buffering should only occur if there is latency in the user's connection.'
SE,'All credit card information will be secured on the server and only accessible by authorized Izogn administrators. Information will be encrypted in the database.'
A,'The website shall be available for use 24 hours per day 365 days per year.'
A,'The website shall achieve 99.5% up time.'
F,'All movies shall be streamed on demand at any time of the day.'
A,'All movies shall be streamed on demand at any time of the day.'
A,'The website shall continue to operate if the streaming server goes down.'
FT,'The website shall continue to operate if the streaming server goes down.'
A,'The website shall continue to operate if the payment gateway goes down.'
FT,'The website shall continue to operate if the payment gateway goes down.'
SC,'The streaming server will support 50 simultaneous streaming connections.'
MN,'The streaming server will support a maximum of 700 movies; new servers can be added to support more movies.'
SC,'The streaming server will support a maximum of 700 movies; new servers can be added to support more movies.'
SC,'The server will support a maximum of 1 000 simultaneous users.'
SC,'The website shall be capable of supporting 100 000 customers.'
MN,'The product shall be expected to operate within the maximum maintenance budget for a minimum of 2 years.'
O,'The product shall be expected to operate within the maximum maintenance budget for a minimum of 2 years.'
O,'All aspects of the website shall be accessed by a web browser over the Internet.'
O,'The same hardware supporting the current website will be used to support the new system.'
PO,'The same hardware supporting the current website will be used to support the new system.'
O,'We must be able to interface with the following browsers: IE 5.X 6.0 Netscape 6.x 7.x 8.x and Firefox 1.0.'
O,'Website must interface with the CyberSource API to process credit card transactions.'
O,'Website must be fully operational with MSN TV2.'
O,'Movies shall be encoded and streamed via Windows Media Player 9.0.'
O,'Movies shall be encoded for 56k and 256k streams.'
MN,'Promotional updates to the website should take a day to update.'
US,'Promotional updates to the website should take a day to update.'
F,'Izogn Administrator must be able to update the category listings on the website within 2 minutes.'
LF,'Izogn Administrator must be able to update the category listings on the website within 2 minutes.'
PE,'Izogn Administrator must be able to update the category listings on the website within 2 minutes.'
US,'Izogn Administrator must be able to update the category listings on the website within 2 minutes.'
F,'Izogn Administrator must be able to add new products to the website within 2 minutes.'
LF,'Izogn Administrator must be able to add new products to the website within 2 minutes.'
PE,'Izogn Administrator must be able to add new products to the website within 2 minutes.'
US,'Izogn Administrator must be able to add new products to the website within 2 minutes.'
A,'The system will provide a 24 hour 800 toll free number for support to its customers.'
F,'The website will provide a help section with answers and solutions to common problems.'
A,'Velkat staff will be available for phone support between 7am-7pm M-F to provide technical support to the Izogn administrators.'
O,'The product shall be able to be installed in the specified environment within 1 working day.'
SE,'Only registered customers can purchase streaming movies.'
L,'A customer can only stream a movie if they purchased it and are within the 2 day viewing period.'
SE,'A customer can only stream a movie if they purchased it and are within the 2 day viewing period.'
SE,'Only authorized personnel can access customer records in the database.'
SE,'Only administrators can activate a pre-paid card.'
SE,'Only authorized personnel can access sales information.'
FT,'The website shall prevent its data from being corrupted when incorrect data is entered in.'
SE,'The website shall prevent its data from being corrupted when incorrect data is entered in.'
MN,'The website shall protect itself from intentional abuse and notify the administrator at all occurrences.'
SE,'The website shall protect itself from intentional abuse and notify the administrator at all occurrences.'
MN,'Data integrity scripts will be run on a weekly basis to verify the integrity of the database.'
SE,'Data integrity scripts will be run on a weekly basis to verify the integrity of the database.'
F,'The website shall make its user aware of its information practices before collection data from them via a Privacy Policy accessible on all pages of the website.'
SE,'The website shall make its user aware of its information practices before collection data from them via a Privacy Policy accessible on all pages of the website.'
US,'The website shall make its user aware of its information practices before collection data from them via a Privacy Policy accessible on all pages of the website.'
F,'The system shall notify customers of changes to its information policy.'
L,The system shall reveal private information only in compliance with the organization's information policy.'
SE,The system shall reveal private information only in compliance with the organization's information policy.'
SE,'All customer information will be stored on a secure database accessible only to authorized personnel.'
SE,'All credit card information will be encrypted in the database.'
SE,'The streaming server will have anti-virus software to prevent infection of malicious viruses.'
LF,'The website should cater to all tribes in Nigeria.'
US,'The website should cater to all tribes in Nigeria.'
LF,'The website shall not be offensive to religious or ethnic groups.'
LF,'The website should appeal to all Africans not only Nigerians.'
LF,'The website should use Flash to provide animation on the home page.'
O,'The website should use Flash to provide animation on the home page.'
L,'IzognMovies shall meet the licensing requirements set forth by the appropriate organizations in order to stream African movies.'
L,'The website will comply with W3C standards.'
SE,'The website will comply with W3C standards.'
L,'The PHP code will comply with PEAR standards.'
SE,'The PHP code will comply with PEAR standards.'
F,'The website will allow customers to search for movies by title actor or director.'
F,'viewing a movie details the website will display the movies description actor and director entered in by the administrator.'
F,'Website shall request and authorize credit card payment before allowing a user to stream a movie.'
F,'shall be able to stream purchased movie via Windows Media Player for up to 2 days aftere purchase date.'
F,'Website shall allow customers to browse movies by categories entered in by izogn administrator.'
F,'Website shall allow customers to view reviews of selected movies by other customers.'
F,'Website shall allow customers to add their own movie review for a selected movie.'
F,'Website shall allow the Izogn administrator to approve a review posted by a customer.'
F,'System will allow customers to pay for a streaming movie with a pre-paid card.'
F,'Website shall allow customers to purchase pre-paid cards of $5 $10 or $20 value either by credit card or mail-in payment option.'
F,'System shall automatically update the main page of the website every Friday and show the 4 latest movies that have been added to the website.'
F,'System shall allow users to update their billing and contact information via the â€œMy Accountâ€ section of the website.'
F,'Pre-paid cards shall be distributed via email or via a printed paper card.'
F,'Movies can only be streamed if the customer has purchased a movie and is within the 2-day time period to stream the movie.'
F,'Website must be able to support free trial periods with various parameters set by the Izogn Manager.'
F,'All streaming movie sales will be logged in the database and accessible by the administrator.'
A,'All streaming movie sales will be logged in the database and accessible by the administrator.'
F,'All registered customer information shall be stored and maintained in the database even after the customer cancels their account.'
F,'Daily usage statistics should be logged and accessible by the administrator.'
MN,'Daily usage statistics should be logged and accessible by the administrator.'
A,'The owner shall have free access to all of the streaming movies.'
SE,'The owner shall have free access to all of the streaming movies.'
US,'The owner shall have free access to all of the streaming movies.'
A,'Total lead cycle time must be completed in 5 minutes for 90% of lead volume between the business hours of 8AM CST to 8PM CST; then 3 minutes for 99% of lead volume during off business hours.'
PE,'Total lead cycle time must be completed in 5 minutes for 90% of lead volume between the business hours of 8AM CST to 8PM CST; then 3 minutes for 99% of lead volume during off business hours.'
A,'No lead evaluation will complete in a time period longer than 25 seconds for 97% of all leads processed.'
PE,'No lead evaluation will complete in a time period longer than 25 seconds for 97% of all leads processed.'
F,'For leads that process longer than 25 seconds the system will record the event and duration'
PE,'The process must fit within the processing time conditions set forth by the Auto Rep Assignment process in which a lead is assigned within 3 minutes of the total life cycle.'
O,'The lead washing process will operate within the established physical web service structure.'
O,'The washing process must use a non binding neutral data format such as xml when receiving and processing lead data.'
A,'Defect reports will be available to technical units on a 24x7 basis.'
FT,'Defect reports will be available to technical units on a 24x7 basis.'
MN,'Washing parameters will be updated during scheduled maintenance hours.'
F,'The vendor will verify the invalid lead.'
F,'Vendor will submit a credit validation record to be applied to the enterprise billing system.'
F,'If a lead is scored to the high range the system will supply the lead data and score to the enterprise system.'
F,'The leads washing functionality will validate all leads received by the web service for valid data'
F,'The leads washing functionality will insert all leads captured by the web service.'
F,'If the leads score falls within the high average score then it will be process by the ARA functionality.'
F,'If the leads score falls within the medium average then it will be set for manual verification by an Enrollment Coordinator through the eleads system.'
F,'If the leads score falls within the low average then it will be returned to the supplying vendor'
F,'The leads washing functionality will compile both contact and academic scoring information for a total score.'
F,'The leads washing functionality will use the parameters supplied by corporate and schools to score part of the lead.'
F,'The leads washing functionality will return the lead data supplied to the vendor along with the reason of rejection.'
F,'The leads washing functionality will have an interface in which lead data parameters can be maintained.'
F,'The leads washing functionality will verify the users authentication and rights to make parameter updates.'
F,'The leads washing functionality will store any potential lead duplicates returned by the enterprise system.'
F,'Prior to submitting the lead to the enterprise system the leads washing functionality will assign the lead to an admissions rep.'
F,'The leads washing functionality shall receive a period list of available reps from the enterprise system.'
LF,'The product shall simulate the look of ships at sea.'
LF,'The product shall display the grids within a circle as a view from a periscope.'
LF,'The product shall display each type of ship in a grid using an image of the specific type of ship.'
F,'When the offensive player takes a shot the product shall simulate the sound of a ship at sea.'
LF,'When the offensive player takes a shot the product shall simulate the sound of a ship at sea.'
F,'When a shot is marked as a miss the product shall simulate the sound of a shot missing its target.'
LF,'When a shot is marked as a miss the product shall simulate the sound of a shot missing its target.'
F,'When a shot is marked as a hit the product shall simulate the sound of a shot hitting its target.'
LF,'When a shot is marked as a hit the product shall simulate the sound of a shot hitting its target.'
F,'When a ship is sunk the product shall simulate the sound of a sinking ship.'
LF,'When a ship is sunk the product shall simulate the sound of a sinking ship.'
A,'The product shall be available 24 hours per day seven days per week.'
PE,'The product shall able to handle a large number of games simultaneously.'
SC,'The product shall able to handle a large number of games simultaneously.'
PE,'The response time shall be fast enough to maintain the flow of the game. The response time shall be no more than 2 seconds for 95% of responses and no more than 4% for the remaining responses.'
SE,'The product shall protect the identity of the players. The product shall provide players no access to information that might reveal the identity of another player.'
US,'The product shall be intuitive and self-explanatory. Nine out ten users shall be able to successfully complete a game with no training.'
F,'The product shall be available to players who understand English Spanish and French. The product shall allow the user to select the language upon accessing the product.'
US,'The product shall be available to players who understand English Spanish and French. The product shall allow the user to select the language upon accessing the product.'
SE,'The product shall provide players no access to information that might reveal the identity of another player'
F,'The product shall maintain a list of players.'
F,'The product shall allow a user to identify himself or herself as a player.'
F,'Once a game has been initiated the product shall make the players assigned to the game unavailable for selection from the list of players.'
F,'The product shall allow a user to remove himself or herself from the list of players at any time.'
F,'The product shall make inactive players unavailable for selection from the list of players.'
F,'The product shall remove players who have been inactive for 24 hours from the list of players.'
F,'The product shall allow a player to initiate a game by selecting another available player from the list of players.'
F,'Once a game is initiated the product shall display a defensive grid to each player'
F,'Once a game is initiated the product shall display an offensive grid to each player.'
F,'The product shall prevent a player from viewing the offensive or defensive grids of the other player.'
F,'Once a game is initiated the product shall allow each player to position their 5 ships on their respective defensive grids.'
F,'The product shall allow a player to position ships horizontally on their grid.'
F,'The product shall allow the player to position ships vertically on their grid.'
F,'The product shall allow the player to position ships diagonally on their grid'
F,'The product shall prevent the player from overlapping ships on their grid.'
F,'When both players have positioned their 5 ships on their defensive grids the product shall define the status of each player for the first turn.'
F,'For each turn the product shall identify one player as offensive status and one player as defensive status.'
F,'The product shall maintain the status of each player for a turn either offensive or defensive.'
F,'At the start of each turn the product shall notify each player of his or her status.'
F,'For each turn the product shall allow the offensive player to define a shot.'
F,'For each shot the product shall examine the defensive grid of the defensive player to determine whether the shot was a hit or miss.'
F,'For each shot the product shall notify the players whether the shot was a hit or miss.'
F,'For each shot the product shall mark the shot as a hit or miss on the defensive grid of the defensive player.'
F,'For each shot the product shall mark the shot as a hit or miss on the offensive grid of the offensive player.'
F,'When the hit results in sinking a ship the product shall notify the players that the ship was sunk.'
F,'When the hit results in sinking a ship the product shall mark the ship as sunk on the defensive grid of the defensive player.'
F,'When the hit results in sinking a ship the product shall indicate the type of ship sunk on the defensive grid of the defensive player.'
F,'When the hit results in sinking a ship the product shall mark the ship as sunk on the offensive grid of the offensive player.'
F,'If the shot was marked as a hit the product shall allow the offensive player to define a shot.'
F,'If the shot was marked as a miss the product shall change the status of the offensive player to defensive'
F,'If the shot was marked as a miss the product shall change the status of the defensive player to offensive'
F,'The product shall continue to assign turns until the game is ended.'
F,The product shall end a game when a hit by the offensive player results in sinking the last of the defensive player's ships which had not been previously marked as sunk.'
F,'The product shall allow a player to end a game at any time during the game.'
F,'When a game is ended the product shall notify the players that the game is ended.'
F,'The notification of the game ending will include the reason the game is ended (i.e. a player has won the game or a player has ended the game).'
F,'When a game is ended the product shall allow each player to identify himself or herself as an available player in the list of players.'
F,'When a game is ended the product shall allow each player to remove himself or herself from the list of players.'
PE,The system shall be easy to use by callers and supervisors. Callers and supervisors must be able to accomplish any system task within 2 minutes.'
US,The system shall be easy to use by callers and supervisors. Callers and supervisors must be able to accomplish any system task within 2 minutes.'
US,The system shall be easy to learn by callers and supervisors. Callers and supervisors shall learn how to use the system within 10 minutes.'
PE,The system shall be responsive. At the DePaul TeleServices Center when a supervisor uses the system to view a callers schedule the system response time must be no more than 2 seconds 90% of the time and no more than 5 seconds the rest of the time.'
US,The system shall be responsive. At the DePaul TeleServices Center when a supervisor uses the system to view a callers schedule the system response time must be no more than 2 seconds 90% of the time and no more than 5 seconds the rest of the time.'
A,On a 56k connection the system response time for all operations must be no more than 6 seconds 90% of the time.'
PE,On a 56k connection the system response time for all operations must be no more than 6 seconds 90% of the time.'
A,On a 112k connection or faster the system response time for all operations must be no more than 3 seconds 90% of the time.'
PE,On a 112k connection or faster the system response time for all operations must be no more than 3 seconds 90% of the time.'
A,The system shall have high availability every day of the year.The system must be available for use between 12:00AM and 6:00PM all days of the year.'
A,The system must be available for use between 7:00AM and 11:59PM all days of the year.'
PO,The product shall be internet browser independent.The product must run using Internet Explorer and Netscape Navigator.'
F,The product shall ensure that only supervisors can advertise empty time slots.The product must ensure that supervisors are allowed to access advertise empty time slots.'
SE,The product shall ensure that only supervisors can advertise empty time slots.The product must ensure that supervisors are allowed to access advertise empty time slots.'
F,The product shall ensure that only supervisors can enter a caller's schedule.The product must ensure that supervisors are allowed to access advertise empty time slots.'
SE,The product shall ensure that only supervisors can enter a caller's schedule.The product must ensure that supervisors are allowed to access advertise empty time slots.'
F,The product shall ensure that only supervisors can view schedule of all callers.The product must ensure that supervisors are allowed to access advertise empty time slots.'
SE,The product shall ensure that only supervisors can view schedule of all callers.The product must ensure that supervisors are allowed to access advertise empty time slots.'
LF,The interface shall have a simple look. In the interface and usability survey 90% of beta testers must report that the interface is adequately simple.'
LF,The interface shall be appealing to callers and supervisors. In the interface and usability survey 80% of beta testers must report that the interface is appealing.'
PE,The interface shall be appealing to callers and supervisors. In the interface and usability survey 80% of beta testers must report that the interface is appealing.'
F,'The product shall provide GUI based Monitoring Services.System Administrators shall monitor message exchanges will predict and determine problems and will also provide internal and external support.'
MN,'The product shall provide GUI based Monitoring Services.System Administrators shall monitor message exchanges will predict and determine problems and will also provide internal and external support.'
O,'The product shall provide GUI based Monitoring Services.System Administrators shall monitor message exchanges will predict and determine problems and will also provide internal and external support.'
L,'The product shall comply with City of Chicago Application Development Guide Framework.Application Development Framework will provide structured Graphical User Interface.'
LF,'The product shall comply with City of Chicago Application Development Guide Framework.Application Development Framework will provide structured Graphical User Interface.'
F,'The product shall provide Monitoring Services.The product shall be easy for System Administrators and DBAs to use after two weeks of usage.'
US,'The product shall provide Monitoring Services.The product shall be easy for System Administrators and DBAs to use after two weeks of usage.'
F,'The product shall provide Error Tracking Services.The product shall help the System Administrators and DBAs to resolve transaction errors 99% of the time.'
FT,'The product shall provide Error Tracking Services.The product shall help the System Administrators and DBAs to resolve transaction errors 99% of the time.'
MN,'The product shall provide Error Tracking Services.The product shall help the System Administrators and DBAs to resolve transaction errors 99% of the time.'
US,'The product shall provide Error Tracking Services.The product shall help the System Administrators and DBAs to resolve transaction errors 99% of the time.'
F,'The product shall provide Portals.The product shall help System Administrators to analyze the transactions with ad-hoc reporting and KPIs (Key Performance Indicators)'
US,'The product shall provide Portals.The product shall help System Administrators to analyze the transactions with ad-hoc reporting and KPIs (Key Performance Indicators)'
F,'The product shall provide Asynchronous Messaging.The product shall provide asynchronous messaging to enable parallel processing and reduce the overhead in communications'
PE,'The product shall provide Asynchronous Messaging.The product shall provide asynchronous messaging to enable parallel processing and reduce the overhead in communications'
US,'The product shall provide Asynchronous Messaging.The product shall provide asynchronous messaging to enable parallel processing and reduce the overhead in communications'
PE,'The product shall provide Multi-threading and Load Balancing.The product shall provide multi-threading technology as well as load balancing to overcome data load spikes and traffic.'
SC,'The product shall provide Multi-threading and Load Balancing.The product shall provide multi-threading technology as well as load balancing to overcome data load spikes and traffic.'
US,'The product shall provide Multi-threading and Load Balancing.The product shall provide multi-threading technology as well as load balancing to overcome data load spikes and traffic.'
F,'The product shall process messages within 2 seconds.The product shall have a maximum message processing time of 2 seconds'
PE,'The product shall process messages within 2 seconds.The product shall have a maximum message processing time of 2 seconds'
F,'The product shall poll the system for messages every second.The product shall poll the system for new messages at a maximum of every 1 second.'
PE,'The product shall poll the system for messages every second.The product shall poll the system for new messages at a maximum of every 1 second.'
F,'The product shall provide Dynamic Change Support and Transparent resource addition.The product shall support Transparent Resource addition and Dynamic Change support to provide scalability and avoid service interruptions of more than 1 day.'
FT,'The product shall provide Dynamic Change Support and Transparent resource addition.The product shall support Transparent Resource addition and Dynamic Change support to provide scalability and avoid service interruptions of more than 1 day.'
SC,'The product shall provide Dynamic Change Support and Transparent resource addition.The product shall support Transparent Resource addition and Dynamic Change support to provide scalability and avoid service interruptions of more than 1 day.'
A,'The product shall be available 99% of the time. Rationale: To avoid service interruption during busiest customer service response periods. The product shall be available 99.99% of the time for regular business days.'
FT,'The product shall be robust.The product shall have fault avoidance based on standards adoption.'
PE,'The product shall be robust.The product shall have fault avoidance based on standards adoption.'
FT,'The product shall be robust with fault tolerance.The product shall have fault tolerance by using recovery technique compensatory transaction and routing around failures.'
PE,'The product shall be able to process all transactions.The product shall process minimum of 1 million transactions per year.'
SC,'The product shall be able to process all transactions.The product shall process minimum of 1 million transactions per year.'
O,'The product shall be platform independent.The product shall enable access to any type of development environment and platform.'
PO,'The product shall be platform independent.The product shall enable access to any type of development environment and platform.'
O,'The product shall interface CSR and Datastream.The product shall exchange messages between CSR and EAM on a real time basis without any direct interfaces between two systems.'
MN,': The product shall continue to operate during upgrade change or new resource addition.The product shall be able to continue to operate with no interruption in service due to new resource additions.'
PO,': The product shall continue to operate during upgrade change or new resource addition.The product shall be able to continue to operate with no interruption in service due to new resource additions.'
MN,'The product shall be updated on a regular basis.The product will have a new major feature introduced every six months and quarterly maintenance releases every six months.'
MN,'The product shall operate with every platform.The product shall accommodate any new technology without any change in its architecture.'
PO,'The product shall operate with every platform.The product shall accommodate any new technology without any change in its architecture.'
SE,'The product shall have security.The product shall provide authentication and authorization.'
SE,'The product shall information Security. The product shall enable privacy by encryption WS-Security and Integrity Checking.'
SE,'The product shall have audit capabilities.The product shall store messages for a minimum of one year for audit and transaction tracking purposes.'
LF,'The system shall use IBM and CCR branding standards. The interface must have one IBM logo and one CCR logo.'
LF,'The system shall be displayable on any work computer a CCR user may have. The system interface shall be formatted to display at 800 by 600 pixel resolution.'
PO,'The system shall be displayable on any work computer a CCR user may have. The system interface shall be formatted to display at 800 by 600 pixel resolution.'
LF,'The system interface will use CCR nomenclature. The system must use the same nomenclature used in the existing WCS system and reports'
F,The interface must summarize the data in a fashion that's appealing to CCR management. Every report type must have at least one high level summary shown in the results dashboard/interface'
LF,The interface must summarize the data in a fashion that's appealing to CCR management. Every report type must have at least one high level summary shown in the results dashboard/interface'
LF,'The system must use a point and click interface. 100% of all selection and navigation functionality must be able to be activated/selected by either a mouse or a keyboard'
US,'The system must use a point and click interface. 100% of all selection and navigation functionality must be able to be activated/selected by either a mouse or a keyboard'
LF,'The interface shall be easy to use. 90% of users should be able to successfully use the system to generate a report on their first use. The interface should adhere to IBM usability standards.'
US,'The interface shall be easy to use. 90% of users should be able to successfully use the system to generate a report on their first use. The interface should adhere to IBM usability standards.'
O,Reports must be easy to generate. Reports must be generated within one button click and exported within one button click (after selecting the report)'
US,Reports must be easy to generate. Reports must be generated within one button click and exported within one button click (after selecting the report)'
US,'A user shall be able to use the system without instruction after a short amount of time. After one use a user should understand and remember 90% of the system usage and navigation.'
,'All CCR users shall receive training before the WCS system is deployed. One training session will be held for 100% of CCR users before system deployment (based on a CCR user being available)'
L,'The WCS system shall use appropriate nomenclature and terminology as defined by the Corporate Community Grants organization. All interfaces and reports will undergo usability tests by CCR users.'
LF,'The WCS system shall use appropriate nomenclature and terminology as defined by the Corporate Community Grants organization. All interfaces and reports will undergo usability tests by CCR users.'
US,'The WCS system shall use appropriate nomenclature and terminology as defined by the Corporate Community Grants organization. All interfaces and reports will undergo usability tests by CCR users.'
A,The WCS system shall be available at all times as long as IBM's internal intranet W3 is accessible. The WCS system will be available 95% of the time IBM's internal intranet W3 is available.'
PO,'The WCS system shall have the ability to connect other designated WCS databases currently not included in the system.'
SC,'The WCS system shall have the ability to connect other designated WCS databases currently not included in the system.'
SC,'The WCS system shall have the ability to include data for regions outside the United States and be accessed by users outside of the United States if approved by CCR management.'
US,'The WCS system shall have the ability to include data for regions outside the United States and be accessed by users outside of the United States if approved by CCR management.'
O,'The WCS system shall be run in a Windows environment. The WCS shall be accessed by users through the Internet on an IBM computer running a Windows 2000 or above operating system.'
PO,'The WCS system shall be run in a Windows environment. The WCS shall be accessed by users through the Internet on an IBM computer running a Windows 2000 or above operating system.'
F,'The Brio portion of the WCS system must be able to export files in spreadsheet form (Microsoft Excel and Lotus 1-2-3 formats). Brio will provide buttons in the user interface that produce/export reports in .xls or .123 file formats.'
LF,'The Brio portion of the WCS system must be able to export files in spreadsheet form (Microsoft Excel and Lotus 1-2-3 formats). Brio will provide buttons in the user interface that produce/export reports in .xls or .123 file formats.'
O,'The Brio portion of the WCS system must be able to export files in spreadsheet form (Microsoft Excel and Lotus 1-2-3 formats). Brio will provide buttons in the user interface that produce/export reports in .xls or .123 file formats.'
F,'The WCS system must run queries to the WCS databases once again (on a specified day) to update the available data available to CCR users. Queries must be made to external databases for data refresh once a week.'
FT,'The WCS system must run queries to the WCS databases once again (on a specified day) to update the available data available to CCR users. Queries must be made to external databases for data refresh once a week.'
MN,'The WCS system must run queries to the WCS databases once again (on a specified day) to update the available data available to CCR users. Queries must be made to external databases for data refresh once a week.'
MN,'All changes updates and additions to the WCS system shall be updated in the WCS Developer and WCS User Guides. Every change must be reflected in WCS system documentation'
SE,'The system shall only be accessed by authorized Corporate Community Grants (CCR) employees. Users must be authenticated using their IBM intranet user name and password.'
SE,The WCS system shall not allow automatic logins by any user. Cookies containing WCS login information about a user will not be stored on a user's computer.'
SE,Each team owner will need to use a username and password in order to be authenticated to reach the team owner's page'
L,'The Commissioner will be the only authorized user per league to adjust league settings.'
SE,'The Commissioner will be the only authorized user per league to adjust league settings.'
LF,'Each page shall contain a navigation menu which shows the index into which the current page is contained.'
LF,'Each page shall contain a similar format with action items in one location and navigation buttons in a different location.'
US,'Each page shall contain a similar format with action items in one location and navigation buttons in a different location.'
F,'The message board shall contain the 5 most recently posted messages on the league page. The messages will contain up to the first 150 characters of the message.'
LF,'A new user shall be able to navigate through the league and team pages within 30 seconds of reaching the start-up page.'
PE,'A new user shall be able to navigate through the league and team pages within 30 seconds of reaching the start-up page.'
US,'A new user shall be able to navigate through the league and team pages within 30 seconds of reaching the start-up page.'
LF,"Users shall be able to reach the 'add' , drop',  and 'trade player' pages with one click from the team owner's page.'"
US,"Users shall be able to reach the 'add' , drop',  and 'trade player' pages with one click from the team owner's page.'"
F,'Users shall be able to view at least 25 NFL player statistics and points on each page.'
PE,'Users shall be able to view at least 25 NFL player statistics and points on each page.'
F,'The application shall ask the user to confirm dropping a player or trading a player before performing the action.'
A,'The application shall be able to complete every user transaction within one fourth of a second of receiving the request over the network.'
PE,'The application shall be able to complete every user transaction within one fourth of a second of receiving the request over the network.'
A,'The application shall have a downtime of at most 10 minutes per year.'
O,'The application shall run on a web application server.'
MN,'A primary database will be used to store cached data for active users.'
O,'A primary database will be used to store cached data for active users.'
MN,'A secondary database will be used to store historical statistics and data.'
O,'A secondary database will be used to store historical statistics and data.'
MN,'Application updates shall occur between 3AM and 6 AM CST on Wednesday morning during the middle of the NFL season.'
MN,'New System version releases shall be released at the beginning of each NFL season.'
A,'The RFS system should be available 24/7 especially during the budgeting period. The RFS system shall be available 90% of the time all year and 98% during the budgeting period. 2% of the time the system will become available within 1 hour of the time that the situation is reported.'
FT,'The RFS system should be available 24/7 especially during the budgeting period. The RFS system shall be available 90% of the time all year and 98% during the budgeting period. 2% of the time the system will become available within 1 hour of the time that the situation is reported.'
PE,'The RFS system should be available 24/7 especially during the budgeting period. The RFS system shall be available 90% of the time all year and 98% during the budgeting period. 2% of the time the system will become available within 1 hour of the time that the situation is reported.'
O,'98% of the user workstations shall meet the minimum hardware requirements prior to implementation. Minimum Hard Disk Space: 400MB.'
O,'98% of the user workstations shall meet the minimum software requirements prior to implementation: Microsoft Internet Explorer 5.0. Microsoft .NET Framework 1.1. Microsoft Internet Explorer Web Controls'
O,The RFS system should be able to easily interface with the BDW environment in order to load the data. Seven data files shall be received from the BDW and loaded into the RFS system within 3 hours one day prior to the start of budgeting process every year. The data will be as of October month-end. Test files (7) shall be loaded up to 5 times throughout the year from the BDW.'
PE,The RFS system should be able to easily interface with the BDW environment in order to load the data. Seven data files shall be received from the BDW and loaded into the RFS system within 3 hours one day prior to the start of budgeting process every year. The data will be as of October month-end. Test files (7) shall be loaded up to 5 times throughout the year from the BDW.'
L,'Changes to revenue and expense formulae must be applied to the RFS system every year prior to the budgeting process start. Revenue and expense formulae will be updated within one week of their receipt after which 2 weeks will be allotted to testing of the budget calculations to be conducted jointly by the project development team and PCG Finance.'
MN,'Changes to revenue and expense formulae must be applied to the RFS system every year prior to the budgeting process start. Revenue and expense formulae will be updated within one week of their receipt after which 2 weeks will be allotted to testing of the budget calculations to be conducted jointly by the project development team and PCG Finance.'
A,'New branches/complexes/districts/regions and revenue/expense accounts added to the BDW must be reflected in the RFS system. 100% of the entities (mentioned above) available as of October month-end will be loaded into the RFS system prior to the budget start process.'
MN,'New branches/complexes/districts/regions and revenue/expense accounts added to the BDW must be reflected in the RFS system. 100% of the entities (mentioned above) available as of October month-end will be loaded into the RFS system prior to the budget start process.'
SE,'Only authorized user shall access the RFS system. ONLY users that exist in the UAS system with the RFS system assigned to their role(s) shall access the RFS system and use it.'
SE,User access should be limited to the permissions granted to their role(s) Each level in the PCG hierarchy will be assigned a role and users will be assigned to these roles. Access to functionality within RFS system is dependent on the privileges/permission assigned to the role.'
L,'The product must comply with the intranet page standards and requirements of ENET Securities. 95% of the product look & feel will be approved by the Architecture group prior to implementation. The remaining 5% will be corrected and approved within one month of product release.'
LF,'The product must comply with the intranet page standards and requirements of ENET Securities. 95% of the product look & feel will be approved by the Architecture group prior to implementation. The remaining 5% will be corrected and approved within one month of product release.'
LF,'The intranet pages should display appropriately in all resolutions from 800x600 and higher. The display of all the pages will be correct in 95% of the resolutions prior to implementation. The remaining 5% will be corrected within a week of notification of the incorrect display.'
US,'The users should be able to easily use the system to successfully complete their budgets within the stipulated time for completion. With a week of training prior to product implementation 98% of the users shall complete their budgets within the stipulated time.'
A,'The product interface should be fast. The response time of the product interface should not exceed 2 seconds 90% of the time. For 10% of the time the response time should not be more than 10 seconds.not be more than 10 seconds.'
PE,'The product interface should be fast. The response time of the product interface should not exceed 2 seconds 90% of the time. For 10% of the time the response time should not be more than 10 seconds.not be more than 10 seconds.'
PE,"The system must provide a fast and efficient parsing process, under 2 seconds."
PE,CV parsing speed must be optimized to under 2 seconds.
PE,System should respond in less than 1 second.
PE,System performance can vary under load.
PE,Performance is not critical for this system.
PE,System should process 1000 transactions per second.
PE,The application must load the dashboard in under 2 seconds.
PE,The response time for any API call should not exceed 500 milliseconds.
PE,"The system must support 10,000 concurrent users without degradation."
PE,Reports should be generated within 3 seconds after user request.
PE,System performance must remain stable under heavy traffic conditions.
PE,Database queries should execute in less than 200ms.
PE,The server must maintain uptime of 99.9% with minimal latency.
PE,Performance is not a primary concern for this application.
PE,System may take up to 30 seconds to complete background tasks.
PE,Response time under load may exceed 10 seconds.
PE,Batch processing may take several minutes to complete.
PE,System is expected to run on a single-user mode with minimal performance requirements.
PE,Delays in data retrieval are acceptable for this prototype version.
PE,The system must be highly responsive and efficient.
PE,Application speed is a top priority.
PE,System should perform operations instantly.
PE,Users should experience no lag while using the system.
PE,Performance must be optimized for quick user interaction.
PE,System performance may vary depending on network speed.
PE,Response time might fluctuate during peak hours.
PE,Performance depends on the size of the data being processed.
PE,Application speed may differ across hardware configurations.
PE,System performance can vary under heavy load.
PE,The system might slow down when multiple background jobs are running.
PE,Performance may depend on available system resources.
PE,Response times may differ based on concurrent user activity.
PE,System speed may vary when accessing remote servers.
PE,The system can take up to 30 seconds to complete operations.
PE,Delays in processing are acceptable for background tasks.
PE,Batch jobs may take several minutes to complete.
PE,"System performance may degrade during high traffic, which is acceptable."
PE,Fast response time is not a key requirement.
PE,System may take noticeable time to start up.
PE,Performance tuning will be addressed in future releases.
PE,The system can generate reports within 50 seconds.
PE,Minor delays are acceptable for non-critical processes.
PE,The prototype version may have reduced performance.
PE,The system must respond in less than 1 second for all user actions.
PE,API calls should return results within 500 milliseconds.
PE,Dashboard should load in under 2 seconds even under peak load.
PE,Database queries must execute within 100ms.
PE,"System should handle at least 10,000 concurrent requests per minute."
PE,The parsing module should process a CV in less than 2 seconds.
PE,The application should have minimal latency under heavy usage.
PE,Users must experience instant feedback when performing actions.
PE,The system shall process 1000 transactions per second.
PE,Performance optimization is critical to meet user expectations.
PE,System must remain responsive during high network traffic.
PE,Processing time for any operation must not exceed 1 second.
PE,Application must run smoothly even with large datasets.
PE,The server should maintain a latency below 100 ms.
PE,The API should scale efficiently without performance degradation.
PE,Real-time analytics must be delivered within 2 seconds.
PE,Performance should not degrade as concurrent users increase.
PE,Application startup time should be less than 3 seconds.
PE,System must provide a consistent response time of under 2 seconds.
PE,The user interface must react instantly to user input.
PE,System performance may depend on data size and hardware resources.
PE,Response time may vary depending on concurrent users.
PE,Performance can fluctuate based on network conditions.
PE,The application may slow down during peak hours.
PE,Processing time may increase with complex data.
PE,System performance might change with heavy background tasks.
PE,Performance depends on system configuration and environment.
PE,The system may temporarily degrade under high load.
PE,Response time varies depending on server workload.
PE,Processing speed may differ across user devices.
PE,System throughput may decrease when handling large files.
PE,Performance may vary depending on database size.
PE,Application speed depends on available memory and CPU.
PE,Response time might fluctuate when using external APIs.
PE,System latency may vary based on connection quality.
PE,Performance depends on concurrent read/write operations.
PE,The system may show slower response during maintenance.
PE,Performance might be reduced on mobile devices.
PE,Throughput may change depending on server load.
PE,Performance is not a primary concern for this prototype.
PE,Delays in response are acceptable for background processes.
PE,System may take up to 30 seconds to start.
PE,Response time exceeding 10 seconds is acceptable for this phase.
PE,The application can tolerate delays during data import.
PE,Speed optimization is not required for the current version.
PE,Minor lag is acceptable during peak usage.
PE,The system may take noticeable time to complete operations.
PE,Performance tuning will be addressed in future updates.
PE,Prototype version may have reduced speed and responsiveness.
PE,System may take several seconds to load reports.
PE,Long response times are acceptable for non-critical modules.
PE,Application speed is not a key requirement.
PE,Data refresh delays are tolerable for testing environment.
PE,Performance degradation is acceptable under heavy computation.
PE,System may perform slower under heavy data processing.
PE,Execution delays are permissible for scheduled jobs.
PE,Background jobs can run for several minutes without issue.
PE,User interaction speed is not critical for internal tools.
SE,System must use strong encryption and authentication.
SE,"The system shall display a warning to the user after 30 minutes of inactivity, but no automatic logout or session termination is enforced."
SE,"The system shall require users to create passwords with at least 8 characters, including uppercase, lowercase, and numeric digits. Passwords must be stored using basic hashing, but no multi-factor authentication is required."
SE,Basic password protection is sufficient.
SE,All user data must be encrypted in transit and at rest.
SE,The system must implement multi-factor authentication for all users.
SE,Sensitive information must be protected using strong encryption standards.
SE,Access to the system should be role-based and audited regularly.
SE,The application must comply with GDPR and ISO 27001 standards.
SE,Only authorized personnel can access confidential data.
SE,System must detect and prevent unauthorized access attempts.
SE,Passwords must be stored using strong hashing algorithms like bcrypt.
SE,The system should include intrusion detection and prevention mechanisms.
SE,Security patches must be applied immediately after release.
SE,All API endpoints must use HTTPS and JWT-based authentication.
SE,The system must support automatic logout after inactivity.
SE,Regular penetration testing must be performed.
SE,The application must implement end-to-end encryption for user communication.
SE,Security level may vary depending on user role.
SE,The system uses HTTPS but not all data is encrypted at rest.
SE,Authentication is required for critical features only.
SE,Security updates are applied periodically.
SE,Data encryption is optional based on user preferences.
SE,Some components rely on third-party security mechanisms.
SE,Access control policies depend on deployment configuration.
SE,The system enforces strong passwords but lacks two-factor authentication.
SE,Audit logs are maintained for admin users only.
SE,Security is ensured for production environments but limited in testing.
SE,Network security depends on external firewall configuration.
SE,Encryption is used for selected data fields only.
SE,The system does not require user authentication.
SE,Data encryption is not mandatory.
SE,Security is not a critical concern for this prototype.
SE,Users can access the system without login.
SE,The system does not implement access control.
SE,No encryption is applied to stored data.
SE,Public access is allowed to all system information.
SE,Security patches can be applied manually when needed.
SE,Authentication and authorization are not enforced.
SE,System logs are not protected or audited.
SE,Communication between services is not secured.
SE,The system relies on users to manage their own security settings.
SE,Security validation is optional during deployment.
SE,System must automatically lock accounts after multiple failed login attempts.
SE,Sensitive user data such as passwords and tokens must never be logged.
SE,All database connections must use secure SSL/TLS encryption.
SE,The system must sanitize all user inputs to prevent SQL injection.
SE,Security configuration must be reviewed and approved before deployment.
SE,Access logs must be encrypted and retained for 90 days.
SE,Session management must prevent reuse of expired tokens.
SE,Cross-site scripting and CSRF attacks must be prevented using appropriate headers.
SE,System should block IPs after suspicious activity is detected.
SE,Application must validate SSL certificates of external services.
SE,The platform must include continuous monitoring for security breaches.
SE,"All credentials must be stored securely using environment variables, not hardcoded."
SE,The system must enforce password complexity requirements.
SE,All API keys must be rotated periodically for enhanced security.
SE,Administrators must receive alerts when unauthorized access attempts occur.
SE,Security incidents must be logged and reported automatically.
SE,Users must reauthenticate before performing critical actions.
SE,The application must not expose stack traces or sensitive errors to end-users.
SE,Data backup files must be encrypted before storage.
SE,Access to encryption keys must be restricted to authorized administrators only.
SE,Two-factor authentication is required for admin accounts but optional for users.
SE,System may log non-sensitive user actions without encryption.
SE,Security audit frequency depends on customer contract level.
SE,The system may allow weaker encryption for backward compatibility.
SE,"Some modules use secure authentication, while legacy ones do not."
SE,Security controls differ between cloud and on-premise deployments.
SE,Encryption is enabled only for paid plans.
SE,Security configuration may vary by tenant in multi-tenant systems.
SE,Only critical APIs require token-based authentication.
SE,System allows temporary password sharing for support purposes.
SE,Security scans are performed quarterly instead of monthly.
SE,External dependencies may not always follow latest security practices.
SE,Firewall rules are applied inconsistently across regions.
SE,Encryption keys are shared between development and staging environments.
SE,System does not include any authentication mechanism.
SE,User passwords can be stored in plain text.
SE,The prototype has no active security checks.
SE,Users are allowed to use weak passwords such as '1234'.
SE,The system allows access over HTTP instead of HTTPS.
SE,No restrictions are placed on failed login attempts.
SE,Sensitive API keys are visible in the frontend code.
SE,There are no monitoring or alerting mechanisms for security incidents.
SE,Encryption is completely disabled for development builds.
SE,Access control policies are not implemented.
SE,Security updates are applied manually and infrequently.
SE,No input validation is performed on form data.
SE,Cross-site scripting protection is not enabled.
SE,User sessions never expire automatically.
SE,No data masking is used for sensitive fields like credit cards.
SE,System does not verify identity for password reset requests.
SE,Security awareness training is not conducted for staff.
SE,The application accepts self-signed certificates without validation.
SE,Log files may contain sensitive information without protection.
MN,System architecture should be modular to simplify updates.
MN,Code should be well-documented and follow standard naming conventions.
MN,The system must allow easy modification of existing features.
MN,Developers should be able to add new modules with minimal code changes.
MN,Application should support plug-and-play components for future extensions.
MN,All modules must be independent and loosely coupled.
MN,The system should allow configuration changes without code modification.
MN,Maintenance tasks should require minimal downtime.
MN,The system must support automated testing and deployment.
MN,All code changes should be traceable through version control.
MN,Documentation and design diagrams must be regularly updated.
MN,System must enable quick bug fixes with minimal impact on other components.
MN,The architecture should allow future technology upgrades easily.
MN,Maintenance effort may vary depending on system complexity.
MN,The ease of maintenance depends on the developer's experience.
MN,Code maintainability may differ across modules.
MN,Some components are easier to update than others.
MN,System maintainability can vary based on documentation quality.
MN,Maintenance time may depend on the size of the data being processed.
MN,Maintainability might be affected by third-party dependencies.
MN,System maintainability may differ between releases.
MN,Maintenance effort can fluctuate with changes in system load.
MN,System modifications require significant developer effort.
MN,The codebase is complex and hard to understand.
MN,Making changes in one module often breaks other components.
MN,The system lacks sufficient documentation for maintenance.
MN,Adding new features requires rewriting large parts of the code.
MN,The application structure is tightly coupled and not modular.
MN,Maintenance tasks often cause long downtime periods.
MN,Bug fixing requires deep knowledge of the entire system.
MN,Updating system configurations requires manual code edits.
MN,Refactoring the system is difficult due to poor design.
MN,The system is not easily adaptable to new requirements.
MN,System should provide a modular microservices architecture to simplify maintenance.
MN,Each service should have a clear API boundary for independent updates.
MN,System should use dependency injection to improve maintainability.
MN,Automated CI/CD pipelines must ensure consistent build and release processes.
MN,The application should support configuration through environment variables.
MN,Code reviews are mandatory for every change to maintain quality.
MN,The codebase should follow clean architecture principles for easier maintenance.
MN,System logs and metrics should assist in identifying maintenance issues quickly.
MN,Every module should include unit and integration tests for safe refactoring.
MN,System should allow rolling updates with zero downtime.
MN,Maintenance scripts must be automated and version-controlled.
MN,Architecture must separate business logic from presentation for flexibility.
MN,The system must provide developer-friendly error reporting.
MN,Documentation should be automatically generated from the source code.
MN,System configuration must be externalized to avoid code changes during updates.
MN,The system should support modular versioning for independent updates.
MN,The platform must use containerization for maintainable deployments.
MN,"System should use design patterns that encourage maintainable code (e.g., MVC, Repository)."
MN,The source control must track all code changes with commit history.
MN,Error logs should include sufficient context for debugging issues efficiently.
MN,Maintainability depends on the frequency of updates and release cycles.
MN,Some legacy modules require more effort to maintain than modern ones.
MN,Refactoring cost may differ depending on the module complexity.
MN,"Ease of maintenance varies between environments (test, staging, production)."
MN,System updates might occasionally require downtime during peak hours.
MN,Maintenance depends on the level of technical debt accumulated over time.
MN,Documentation quality varies across teams and modules.
MN,The maintainability score may change after system expansion.
MN,Code complexity increases slightly with new feature additions.
MN,Ease of bug fixing depends on how well the logging is implemented.
MN,Automated tests cover most but not all of the codebase.
MN,Maintainability is moderate due to partial modularity.
MN,The system is partially refactorable but lacks a clear layer separation.
MN,Some configuration files still require manual editing during maintenance.
MN,The maintainability depends on the responsiveness of the support team.
MN,The ease of making changes varies depending on the deployment environment.
MN,"The system lacks any form of automated testing, making changes risky."
MN,"Codebase uses hard-coded values, reducing maintainability."
MN,There is no modular separation; everything is in a single code file.
MN,Developers find it difficult to locate specific functionality in the code.
MN,No version control system is used to track changes.
MN,The system requires full redeployment for minor updates.
MN,"Documentation is missing or outdated, making maintenance difficult."
MN,Error handling is inconsistent across modules.
MN,There is heavy code duplication throughout the project.
MN,Refactoring the system introduces frequent regressions.
MN,"No clear architecture is followed, leading to maintenance chaos."
MN,All configuration is embedded directly into source code.
MN,"The code lacks comments, making it hard for new developers to contribute."
MN,System maintenance requires full system restart each time.
MN,Third-party libraries are outdated and hard to upgrade.
MN,There is no separation between logic and presentation layers.
MN,Developers must manually test the system after every update.
MN,Maintenance depends entirely on one developer's knowledge.
MN,The architecture is too rigid to allow any structural changes.
MN,Legacy code prevents easy adaptation to new frameworks.
SC,The system must support an increasing number of users without performance degradation.
SC,The architecture should allow horizontal scaling across multiple servers.
SC,"Application should handle growth from 1,000 to 100,000 users seamlessly."
SC,System must be designed to handle large volumes of data efficiently.
SC,The infrastructure should support cloud-based auto-scaling.
SC,The system must scale dynamically with workload changes.
SC,Adding new servers should not require system downtime.
SC,Database architecture must support partitioning and replication for scalability.
SC,The system should maintain stable performance as the number of users doubles.
SC,The design should support future expansion of services and features.
SC,Application components should be stateless to support scaling.
SC,System must handle increased data processing with minimal latency.
SC,The platform must efficiently scale to accommodate spikes in traffic.
SC,System scalability may depend on the hardware configuration.
SC,Performance might vary as the number of users increases.
SC,Scalability may be limited by third-party service constraints.
SC,System can scale up to a certain number of concurrent users.
SC,Application scalability depends on available network bandwidth.
SC,The system scales efficiently under moderate but not heavy load.
SC,Database scalability depends on query optimization.
SC,System performance may fluctuate during peak usage.
SC,The platform supports scaling but may require manual configuration.
SC,The system cannot handle a significant increase in users.
SC,Scaling the system requires major code changes.
SC,The system performance drops significantly as data size grows.
SC,Application does not support adding servers dynamically.
SC,System is designed for a fixed number of users only.
SC,Scalability is not a priority for this release.
SC,The database cannot handle large-scale data expansion.
SC,The system is not optimized for distributed environments.
SC,Increasing load causes long response times and system failures.
SC,Adding new components requires system downtime.
SC,The application struggles to handle concurrent requests.
SC,System must support both vertical and horizontal scaling strategies.
SC,Architecture should allow deployment on distributed clusters.
SC,The platform must utilize load balancers to distribute traffic evenly.
SC,Application must automatically scale out when CPU utilization exceeds 80%.
SC,System must support multi-region deployment for global scalability.
SC,The infrastructure should enable container-based scaling using Kubernetes or Docker Swarm.
SC,Scalability testing must confirm the system can support a tenfold user increase.
SC,Caching layers must be implemented to enhance scalability under load.
SC,System should scale compute and storage independently.
SC,The architecture should be service-oriented to enable scaling of individual components.
SC,Cloud infrastructure must allow on-demand provisioning of new instances.
SC,System should utilize asynchronous processing for scalable background jobs.
SC,Application must maintain consistent response time under scaling conditions.
SC,System must maintain high throughput even as concurrent sessions increase.
SC,Each service should be deployable independently to improve scalability.
SC,System must support event-driven scaling using message queues.
SC,Infrastructure must monitor and adjust resources automatically based on usage trends.
SC,System must handle burst traffic during peak hours without performance loss.
SC,Architecture should allow modular scaling of storage and compute resources.
SC,System should support sharding to distribute large datasets efficiently.
SC,The system can scale efficiently under predictable workloads but struggles with sudden spikes.
SC,Some modules scale better than others due to design differences.
SC,System scalability depends on available server resources.
SC,Application scales up effectively but not down automatically.
SC,"The database supports horizontal scaling, but the API layer does not."
SC,System can handle scaling but requires manual load balancing.
SC,Scalability performance varies with the type of workload processed.
SC,The architecture partially supports scaling but has bottlenecks in I/O operations.
SC,System can scale effectively during business hours but not overnight jobs.
SC,Some components require redeployment to achieve scaling.
SC,Scalability depends on network latency between distributed nodes.
SC,The system supports scaling under moderate traffic only.
SC,Scalability performance changes based on caching strategy.
SC,Auto-scaling is available but with delayed response time.
SC,The system can handle limited concurrent connections efficiently.
SC,Scalability behavior depends on the cloud provider’s configuration.
SC,System scaling might affect database replication delays.
SC,The scalability level differs between backend and frontend systems.
SC,Application shows good scalability under read-heavy but not write-heavy workloads.
SC,Scalability results vary based on memory optimization efficiency.
SC,System is monolithic and cannot be scaled horizontally.
SC,Adding new nodes requires manual reconfiguration of the system.
SC,Application crashes when user count exceeds design limits.
SC,Database architecture does not support sharding or replication.
SC,System scaling requires full redeployment and downtime.
SC,There is no load balancing strategy in place.
SC,System performance deteriorates rapidly with data growth.
SC,No support for distributed or clustered environments.
SC,Auto-scaling is disabled and must be handled manually.
SC,System cannot scale storage independently from compute.
SC,Infrastructure lacks monitoring tools for scalability management.
SC,Application relies on hard-coded limits for user sessions.
SC,The system has no mechanism for scaling background jobs.
SC,Application servers fail under moderate concurrency.
SC,Scaling the system requires rewriting the entire codebase.
SC,"System lacks caching, causing scalability issues under load."
SC,Database becomes a bottleneck as the number of users increases.
SC,The platform cannot support distributed transaction processing.
SC,Scaling the system introduces inconsistent data states.
SC,System design prevents cloud-native scalability features from working properly.
A,The system must be available 99.99% of the time.
A,The system does not need to be available 24/7 and can tolerate planned outages for maintenance.
A,System should ensure continuous operation with minimal downtime.
A,The application must remain operational 24/7.
A,High availability architecture must be implemented to avoid single points of failure.
A,System components should support automatic failover.
A,Downtime for maintenance should not exceed 5 minutes per month.
A,The system should recover automatically from hardware or network failures.
A,The platform must guarantee uninterrupted service during peak hours.
A,A backup server must be ready to take over immediately in case of failure.
A,Critical services should be replicated across multiple data centers.
A,Scheduled maintenance should not affect system availability.
A,The system should provide real-time monitoring and automatic recovery.
A,The infrastructure must support 24x7 uptime for global users.
A,System availability may depend on server load.
A,Availability can vary during maintenance windows.
A,The system may experience short downtimes during updates.
A,Availability depends on internet connectivity.
A,System uptime may fluctuate under heavy usage.
A,The platform provides high availability under normal conditions.
A,Some services may be temporarily unavailable during upgrades.
A,Availability may differ between primary and secondary regions.
A,The system may have reduced uptime during scheduled deployments.
A,Availability depends on external service reliability.
A,System is not required to be available 24/7.
A,The application can have downtime of several hours per week.
A,Temporary unavailability is acceptable during maintenance.
A,The system may be offline during non-business hours.
A,No redundancy or failover mechanisms are required.
A,Availability is not critical for internal tools.
A,System recovery after crash may take several hours.
A,Downtime during updates is acceptable.
A,Service interruptions are tolerable for non-critical operations.
A,System uptime of 90% is sufficient.
A,The prototype version may be offline intermittently.
A,Manual restart is required after a system failure.
A,The system must achieve an uptime of 99.999% annually.
A,Automatic health checks should detect and restart failed services instantly.
A,Redundant network connections must be implemented to ensure constant availability.
A,The application should handle node failures without user impact.
A,Failover mechanisms must switch traffic within 30 seconds of a failure.
A,A distributed architecture should be used to guarantee fault tolerance.
A,Service-level agreements must guarantee near-zero downtime.
A,The infrastructure must automatically balance loads between servers for high availability.
A,Critical APIs must be hosted in multiple availability zones.
A,System must auto-recover from software crashes or unexpected shutdowns.
A,System monitoring should alert administrators of potential downtime immediately.
A,Application state should be preserved during failover to secondary systems.
A,Scheduled system updates must occur without service interruption.
A,Database replication must ensure zero data loss in case of node failure.
A,System recovery time objective (RTO) must not exceed 1 minute.
A,System must maintain high availability even during regional outages.
A,Application should employ clustering for redundancy and load balancing.
A,High-availability setup must be verified through continuous testing.
A,Backup instances should automatically synchronize with the active system.
A,Availability monitoring dashboards must update every 30 seconds.
A,System may experience degraded performance during backup operations.
A,Availability can depend on database synchronization speed.
A,Some modules may be temporarily unavailable during scaling operations.
A,Availability depends on third-party API uptime.
A,The system might require brief restarts after configuration changes.
A,Some non-critical features may be disabled during maintenance.
A,System uptime fluctuates based on cloud provider maintenance schedules.
A,Availability depends on network latency between data centers.
A,Partial outages may occur during system updates.
A,Failover speed may vary depending on system load.
A,Certain services might experience reduced uptime compared to core modules.
A,Availability monitoring tools might not cover all services equally.
A,Redundant servers may not always be synchronized in real time.
A,The system may take longer to recover under high load.
A,Automatic recovery may not be enabled for all environments.
A,System updates might cause intermittent service disruptions.
A,Availability varies with the hosting provider’s reliability.
A,"Maintenance schedules differ between regions, affecting uptime slightly."
A,Service degradation is acceptable under heavy data processing loads.
A,System restarts may be required to restore full availability after patches.
A,System does not have redundancy or backup servers.
A,Availability is not guaranteed during weekends or holidays.
A,System recovery can take up to several days after failure.
A,Manual intervention is needed after every system crash.
A,The platform can be taken offline for maintenance without notice.
A,There are no mechanisms for automatic failover.
A,The system can remain unavailable for hours after an update.
A,No backup or disaster recovery plan is implemented.
A,Uptime of 80% is considered acceptable for this system.
A,The system lacks monitoring for detecting downtime.
A,Failures require complete system restarts to recover.
A,The infrastructure does not support load balancing.
A,Single points of failure exist in the current system design.
A,The system may be unavailable during data migrations.
A,No SLA is defined for system uptime.
A,System availability is not monitored or reported.
A,There are no backup servers to handle downtime.
A,The application relies on manual recovery after hardware failure.
A,System does not support hot-swappable components.
A,Downtime during version upgrades is not minimized or controlled.
US,The system interface must be intuitive and easy to navigate.
US,Users should be able to complete key tasks with minimal training.
US,The application must provide clear feedback after every user action.
US,All UI elements should be consistent and accessible.
US,The system must support accessibility standards (WCAG 2.1).
US,Help and documentation should be available for all major functions.
US,The system must allow users to undo actions easily.
US,"Interfaces should have clear labels, icons, and tooltips."
US,Error messages must be descriptive and guide the user to a solution.
US,The system should support keyboard shortcuts for frequent operations.
US,User onboarding should be smooth with guided tutorials.
US,The interface must be responsive and mobile-friendly.
US,The layout must maintain clarity and simplicity across all screens.
US,User actions should require minimal clicks to achieve goals.
US,Some features require moderate user training.
US,The interface is user-friendly but lacks advanced accessibility features.
US,Certain functions may be difficult for first-time users.
US,Usability may vary depending on screen size or resolution.
US,Help documentation is available but not detailed.
US,Some feedback messages may be unclear.
US,Navigation structure is mostly intuitive but could be improved.
US,System provides partial support for keyboard accessibility.
US,Some screens are easy to use while others require technical knowledge.
US,UI consistency is maintained in most but not all sections.
US,System usability depends on user experience level.
US,Certain workflows take multiple steps to complete.
US,User assistance features are available but limited.
US,The system interface is difficult to understand for new users.
US,Users require extensive training to use the system effectively.
US,Error messages are vague and unhelpful.
US,The application lacks proper navigation menus.
US,There is no online help or user documentation.
US,Interface layout is inconsistent and confusing.
US,User feedback is not displayed after actions.
US,The system does not follow standard UI conventions.
US,Users must perform many steps for simple tasks.
US,The design is not responsive or mobile-friendly.
US,Accessibility for disabled users is not considered.
US,The interface contains too much clutter and unclear icons.
US,No undo or redo functionality is provided.
US,Users report frustration and confusion during normal operations.
US,Interface animations should be smooth without lag.
US,System should provide tooltips and contextual help on demand.
US,Feedback should be immediate for all interactive elements.
US,All forms must have inline validation to prevent errors.
US,Interface lacks support for multiple languages.
US,Important user notifications are not visible.
PO,"The system must run seamlessly on Windows, macOS, and Linux."
PO,The application should support both web and mobile platforms.
PO,The software must be easily deployable across multiple cloud providers.
PO,All modules should be platform-independent.
PO,The system must use cross-platform frameworks such as Java or .NET Core.
PO,The software must support containerized deployment using Docker.
PO,The system should operate efficiently across different hardware configurations.
PO,The application must run smoothly on all major browsers.
PO,No OS-specific dependencies should exist.
PO,The codebase should follow standards to enable cross-platform builds.
PO,System configuration files must be independent of platform-specific paths.
PO,The application must support cloud and on-premise environments equally.
PO,The system should use platform-agnostic APIs.
PO,The system can be adapted to other platforms with minor changes.
PO,Some modules are portable while others are OS-dependent.
PO,The software supports Windows and Linux but not macOS.
PO,Mobile compatibility is limited to Android devices.
PO,The system can be deployed on cloud environments with some configuration effort.
PO,The application runs best on one operating system but can work on others with performance issues.
PO,Database layer is portable but UI components depend on platform libraries.
PO,Most scripts are portable except installation scripts.
PO,The system supports limited cross-browser functionality.
PO,The application can be compiled for multiple platforms with manual setup.
PO,Deployment process may vary across environments.
PO,Some dependencies restrict full portability.
PO,The system supports virtualization but not containerization.
PO,The system is designed to run only on Windows.
PO,The application relies on platform-specific APIs.
PO,No consideration was given for cross-platform deployment.
PO,The software cannot be easily moved to another operating system.
PO,System configuration is hardcoded for a single environment.
PO,The application depends on Windows Registry for configuration.
PO,No cloud support is planned for the current version.
PO,The software requires proprietary hardware to operate.
PO,Source code includes OS-specific paths and commands.
PO,The system cannot run on mobile or web platforms.
PO,Dependencies are not available outside the target platform.
PO,The system must be recompiled entirely for another OS.
PO,Migration to another environment would require a full redesign.
PO,System components should not rely on specific hardware features.
PO,Deployment scripts should work on multiple OS without changes.
PO,The system must allow portable updates without affecting existing environments.
PO,System logs and configuration files should be easily transferable.
PO,Application fails on unsupported platforms.
PO,Deployment requires manual changes for each OS.
PO,System cannot run in containerized environments.
,The system must provide real-time monitoring and alerting features.
,"Administrators should be able to start, stop, and restart services easily."
,System logs must be automatically collected and analyzed.
,The application must include a dashboard for operational metrics.
,Automatic recovery should occur after system failure.
,The system must notify operators immediately of any service outage.
,All operational processes should be automated using scripts or tools.
,The application must support remote monitoring and control.
,Operators should be able to easily perform configuration changes without downtime.
,The system must support detailed health checks and uptime reporting.
,The application must include diagnostic tools for troubleshooting.
,System components should restart automatically after unexpected termination.
,The platform should integrate with centralized logging and alert systems.
,Maintenance operations should require minimal manual intervention.
,Some system operations require manual monitoring.
,Basic alerting is available but not automated.
,The system can recover from minor failures with limited automation.
,"Operators can manage the system, but advanced tools are limited."
,Monitoring is available for critical components only.
,Manual intervention is required for certain configuration updates.
,The system provides limited logs for troubleshooting.
,Health checks are implemented but not comprehensive.
,"Some maintenance tasks can be automated, others are manual."
,Operational performance depends on operator expertise.
,Alerts are sent by email but not integrated into a monitoring tool.
,Restarting the system requires manual steps.
,The application partially supports remote management.
,The system requires manual restart after every failure.
,No monitoring tools are available for system performance.
,System health must be checked manually by administrators.
,No logging or alerting mechanisms are implemented.
,Operators need to perform complex steps for simple maintenance tasks.
,The system cannot recover automatically after a crash.
,No remote access is available for operators.
,Maintenance requires system downtime.
,System status cannot be viewed in real-time.
,No diagnostic tools are provided for debugging issues.
,Error logs must be manually retrieved from the server.
,The system does not notify operators of failures.
,Configuration changes require redeployment.
,System operations depend heavily on manual scripts.
,System operations should remain stable under high load.
,Operational metrics should be accessible via APIs.
,The system should self-diagnose potential issues proactively.
,The system cannot operate during network outages.
,Operators cannot perform remote updates or fixes.
,Critical failures require full system reboot manually.
,No automated recovery or backup procedures are available.
