Type,Requirement,Level
PE,The system shall refresh the display every 60 seconds,
LF,The application shall match the color of the schema set forth by Department of Homeland Security,
US, If projected  the data must be readable  On a 10x10 projection screen  90% of viewers must be able to read Event / Activity data from a viewing distance of 30,
A, The product shall be available during normal business hours As long as the user has access to the client PC  the system will be available 99% of the time during the first six months of operation,
US, If projected  the data must be understandable On a 10x10 projection screen  90% of viewers must be able to determine that Events or Activities are occuring in current time from a viewing distance of 100,
SE,The product shall ensure that it can only be accessed by authorized users  The product will be able to distinguish between authorized and unauthorized users in all access attempts,
US,The product shall be intuitive and self-explanatory  ,
PE,The product shall respond fast to keep up-to-date data in the display,
L,All business rules specified in the Disputes System shall be in compliance to the guidelines of Regulation E and Regulation Z,
L,The Disputes application must maintain a detailed history of every action that a user takes on a dispute case  This ensures a complete audit trail if questions arise later on with regard to a particular dispute case,
L,All actions that modify an existing dispute case must be recorded in the case history,
O,The product must support Internet Explorer 55 and above,
O,The product must support Mozilla Firefox 10 and above,
O,The product shall interface with the Choice Parts System  This provides the feed of recycled parts data,
O,The product shall run on the existing hardware for all environments,
O,The product shall adhere to the corporate Architecture guidelines,
LF,The product shall comply with corporate User Interface Guidelines,
LF,The product shall comply with corporate color scheme,
LF,The appearance of the product shall appear professional,
PO,The software product is expected to run on Windows or Linux platforms,
US,The product shall be easy to use by Adjusters and Collision Estimators  95% of Adjusters and Collision Estimators shall find the product easy to use,
US,The product shall increase productivity of Collision Estimators 80% of the Collision Estimators shall agree their productivity has increase within 1 month of using the product,
US,Users shall feel satisfied using the product  85% of all users will be satisfied with the product,
US,The product shall be easy to learn by Adjusters and Collision Estimators  The product shall be learned with two days onsite training,
US,The user shall easily locate instructions while using the product  User help can be found within 90% of the system,
PE,The search for recycled parts shall take no longer than 15 seconds  The search results shall be returned in under 15 seconds,
PE,The search for the preferred repair facility shall take no longer than 8 seconds  The preferred repair facility is returned within 8 seconds,
PE,The recycled parts audit report shall be returned to the user within 10 seconds  The audit report shall be returned within 10 seconds,
PE,The preferred repair facility ratings shall be saved within 5 seconds The save shall occur within 5 seconds,
A,The product shall adhere to the corporate online availability schedule  The application is brought down only within 98% of the scheduled outages per the availability schedule,
A,The product shall achieve a 98% uptime The product shall not fail more than 2% of the available online time,
SC,The product shall be able to handle up to 1500 simultaneous users The system shall perform with 1500 users as a time,
SC, The average number of recycled parts records per day shall be 50 000,
SC, The product shall be able to handle 10 000 concurrent users within 2 years of the initial launch,
O, For estimators  the product shall be able to be operated in a repair facility during dirty and noisy conditions,
O,The product shall interface with the ChoiceParts system once per day at approximately 1,
O,The maintenance of the product will fall within the established corporate maintenance windows,
O,The product shall be supported using the corporate support center,
O,Product installations and upgrades shall be handled by the middleware technology team within established launch time frames,
SE,Only adjusters can request recycled parts audit reports No users without an adjuster role shall request recycled parts audits,
SE,Only adjusters with a supervisor role can update preferred repair facility ratings Users without the supervisor role cannot access the repair facility ratings,
SE,Only collision estimators shall search for recycled parts  Users without the collision estimator role shall not have access to the search for recycled parts,
SE,Only valid data shall be entered into the system  No invalid data shall be entered into the system,
SE,One insurance company shall not be able to view another insurance companys claim data,
SE,The product shall free of computer viruses,
SE,The system shall prevent malicious attacks including denial of service,
L,The product must comply with Sarbanes-Oxley,
L,The product shall comply with the estimatics laws relating to recycled parts usage,
L,The product shall comply with insurance regulations regarding claims processing,
O, The product must work with most database management systems (DBMS) on the market  whether the DBMS is colocated with the product on the same machine or is located on a different machine on the computer network,
O,The product will function alongside server software on any operating system where the Java runtime can be installed,
O,The product will require collaboration with a database management system (DBMS)  The DBMS may be located on the same machine as the product or on a separate machine residing on the same computer network,
O, The product must make use of web/application server technology  Open source examples include Apache web server  Tomcat  and the JBoss application server,
O, A database management system such as Oracle  DB2  MySql or HSQL will need to be integrated with the product,
LF, The product s Look and Feel shall be able to incorporate aspects of the customer s organization such as logo  branding  and identity,
LF,The product shall have a conservative and professional appearance,
US,The product shall make the users want to use it 80% of the users surveyed report they are regularly using the product after the first 2 weeks post-launch,
US,The product shall be easy to use 90% of users will be able to successfully reserve a conference room within 5 minutes of product use,
US,The product shall give users feedback when necessary 80% of the users surveyed report that the product accurately confirms their actions,
US,The product shall allow the user to select a chosen language from one of the target market countries,
US,The product shall allow for customization of start page and views preferences,
US, An employee will be able to successfully use the product within a few minutes  After informally navigating the product for less than 15 minutes  users shall be able to successfully setup meetings and reserve conference rooms,
US,The product shall use a standard navigation menu familiar to most web users,
US,The product shall allow for intuitive searching of available conference rooms,
US,The product shall conform to the Americans with Disabilities Act,
PE,The response shall be fast enough to avoid interrupting the user s flow of thought  90% of tasks shall complete within 5 seconds  98% of tasks shall complete within 8 seconds,
A, Aside from server failure  the software product shall achieve 9999% up time,
FT,The product shall create an exception log of problems encountered within the product for transmission to our company for analysis and resolution,
SC, The product shall be capable of handling up to 1 000 concurrent requests  This number will increase to 2 000 by Release 2  The concurrency capacity must be able to handle peak scheduling times such as early morning and late afternoon hours,
SC, The product shall be able to process 10 000 transactions per hour within two years of its launch  This number will increase to 20 000 by Release 2,
SC,The product shall be expected to operate for at least 5 years for each customer installation,
O,The product shall be used in office environments,
O,The product must be able to interface with any HTML browser  The product shall transmit data between the user and the product without problems The product shall display HTML properly in 80% of all HTML browsers tested (minimum is to test 8 browsers),
O,The product must be able to interface with various database management systems The product shall communicate successfully with the database management system on 100% of all transactions,
O,The product must be able to interface with various email servers The product shall be able to send email,
O,The product shall be available for distribution via the Internet as a binary or ZIP file,
O,The product shall be available for distribution as a packaged CD,
O, The product will be available for licensing as a one-server  two-five servers  or five-or-more servers license,
US,A new user must be able to be added to the system within 10 minutes  90% of new users are able to log into the system within 10 minutes,
MN,The product must be designed using Design Patterns and coding best practices  90% of maintenance software developers are able to integrate new functionality into the product with 2 working days,
MN,The product must be highly configurable for use with various database management systems for the end users  80% of end users are able to integrate new database management systems with the product without changing the product s software code,
MN,Maintenance releases will be offered to customers once a year  The releases shall take no longer than 5 minutes for 80% of the customer base to install,
US,Every registered user will have access to the product s support site via the Internet  70% of registered users shall find a solution to their problem within 5 minutes of using the support site,
MN,The customer shall be able to easily integrate new building maps with the product throughout the product s lifecycle  Integration of new maps with the product shall be possible with little to no support from product support staff,
US, The product shall be translated into foreign languages other than the target market countries  languages in future releases  For each emerging target market  it shall take no more than 5 days to configure the product for that market s language,
O, The product is expected to integrate with multiple database management systems  The product will operate with Oracle  SQL Server  DB2  MySQL  HSQL  and MS Access,
O,The product shall be able to be installed in any operating environment within 2 days,
SE,The product shall ensure that only company employees or external users with company-approved user IDs may have product access  100% of all logons shall be by either company employees or external users with company-approved user IDs,
SE,Only managers are able to perform search queries for reservations by user  100% of all search queries for reservations by user shall be from logons of only management logons,
SE,The product shall ensure that the database s data corresponds to the data entered by the user  Each conference room reservation in the system will contain the same information as was entered by the user,
SE,The product shall prevent the input of malicious data  The product and/or adjacent hardware/software systems  data shall remain 100% uncorrupted each time malicious data is input into the product,
FT,The product and/or dependent databases/filesystems shall remain operational as a result of the input of malicious data  The product and/or dependent databases/filesystems shall not crash 100% of the time that malicious data is input into the product,
SE,The product shall have the ability to receive automatic software updates as new threats emerge  100% of customers will be able to receive automatic software updates transmitted to the installed product,
SC,The language of the product shall accommodate all of the target market countries 90% of survey respondents from each target market country will find that the language of the product is acceptable,
US,The product shall be able to display calendar dates and times according to the user s locale  90% of survey respondents from each target market country will find that the date and time formatting of the product is correct,
O,The product must be developed with the J2SE/J2EE programming language libraries,
PE,Recreation of Inventory Quantity Adjustment for the period of previous 30 days shall take no more than 30min,
PE,The System shall allow for a minimum of  6 users to work at the same time,
O,The System shall utilize currently owned computer equipment,
O,The System shall be able to automatically backup business data and restore them on demand,
SE,The System shall maintain consistent security  Any changes in user passwords and/or permissions should take affect in all parts of the System,
SE,The System shall granularly control access rights to all major subsystems  It should be possible to assign access rights to all subsystems independently,
L,The System shall meet all applicable accounting standards  The final version of the System must successfully pass independent audit performed by a certified auditor,
O,The System shall not require additional third party licenses resulting in royalty fees,
PE,Administrator shall be able to activate a pre-paid card via the Administration section in under 5 seconds,
PE, Customer shall be able to check the status of their prepaid card  by entering in the PIN number  in under 5 seconds,
PE,System shall let customers register on the website as a  pay as you go  user in under 5 minutes,
PE,System shall let customers register on the website as a  unlimited movie subscriber  user in under 10 minutes,
PE,System shall let existing customers log into the website with their email address and password in under 5 seconds,
PE, System shall let customers cancel their account  process shall take no longer than 2 minutes  Database will mark the account as inactive  and user will not be able to log into the website,
PE,System shall let administrator de-activate a customer account in under 1 minute Customer will no longer be able to access the website,
PE,System shall let administrator add/remove movies on the website in under 5 minutes  Entered movie information will be stored in the database and will now be available on the website,
PE,System shall let the administrator add/remove categories on the website in under 5 minutes,
PE,System shall let Izogn Manager access sales and usage statistics in under 2 minutes,
PE,System shall let administrators generate unique pre-paid pins in under 2 minutes and generate an Excel file with the generated PINs,
LF,The website shall be attractive to all audiences  The website shall appear to be fun and the colors should be bright and vibrant,
LF, The website should have an African feel  but should not alienate non-Africans  The website should use animation on pages which are describing the services  to grab the users attention and encourage them to sign up,
LF, The website design should be modern  clean  and concise,
US,The product should be able to be used by 90% of novice users on the Internet,
US, Users should only have to navigate through a maximum of 4 pages  to create an account with the website,
US,Users should be able to access their streaming movies in under 2 clicks after logging into the website,
US,An anonymous survey will show that 70% of customers are comfortable purchasing streaming movies after 2 weeks using the website,
US,An anonymous survey will show that 95% of customers are comfortable using and purchasing pre-paid cards after a month of using the system,
US,The product shall retain the customer s buying preferences and information,
US,The product shall be easy for customers with novice skills on the  Internet to purchase and watch streaming movies  Customers should be able to purchase and watch a pre-determined movie in under 3 minutes,
US,The product shall use symbols and words that are naturally understandable by users familiar with websites,
US,The website will use standard Internet conventions when interacting with the user,
PE, Any interface between a user and the automated system shall have a maximum response time of 5 seconds  unless noted by an exception below,
PE, When purchasing a streaming movie or pre-paid card via credit card  the processing time should have a maximum response time of 15 seconds,
PE, When streaming a movie  the buffering time should take no longer than 10 seconds (plus any latency on the user s connection),
PE, While streaming a movie  buffering should only occur if there is latency in the user s connection,
SE, All credit card information will be secured on the server  and only accessible by authorized Izogn administrators  Information will be encrypted in the database,
A, The website shall be available for use 24 hours per day  365 days per year,
A,The website shall achieve 995% up time,
A, All movies shall be streamed on demand  at any time of the day,
FT,The website shall continue to operate if the streaming server goes down,
FT,The website shall continue to operate if the payment gateway goes down,
SC,The streaming server will support 50 simultaneous streaming connections,
SC,The streaming server will support a maximum of 700 movies; new servers can be added to support more movies,
SC, The server will support a maximum of 1 000 simultaneous users,
SC, The website shall be capable of supporting 100 000 customers,
MN,The product shall be expected to operate within the maximum maintenance budget for a minimum of 2 years,
O,All aspects of the website shall be accessed by a web browser over the Internet,
O,The same hardware supporting the current website will be used to support the new system,
O, We must be able to interface with the following browsers,
O,Website must interface with the CyberSource API to process credit card transactions,
O,Website must be fully operational with MSN TV2,
O,Movies shall be encoded and streamed via Windows Media Player 90,
O,Movies shall be encoded for 56k and 256k streams,
MN,Promotional updates to the website should take a day to update,
PE,Izogn Administrator must be able to update the category listings on the website within 2 minutes,
PE,Izogn Administrator must be able to add new products to the website within 2 minutes,
A,The system will provide a 24 hour 800 toll free number for support to its customers,
US,The website will provide a help section with answers and solutions to common problems,
A, Velkat staff will be available for phone support between 7am-7pm  M-F to provide technical support to the Izogn administrators,
O,The product shall be able to be installed in the specified environment within 1 working day,
SE,Only registered customers can purchase streaming movies,
SE, A customer can only stream a movie if they purchased it  and are within the 2 day viewing period,
SE,Only authorized personnel can access customer records in the database,
SE,Only administrators can activate a pre-paid card,
SE,Only authorized personnel can access sales information,
SE,The website shall prevent its data from being corrupted when incorrect data is entered in,
SE, The website shall protect itself from intentional abuse  and notify the administrator at all occurrences,
SE,Data integrity scripts will be run on a weekly basis to verify the integrity of the database,
SE, The website shall make its user aware of its information practices before collection data from them via a Privacy Policy  accessible on all pages of the website,
SE,The system shall notify customers of changes to its information policy,
SE,The system shall reveal private information only in compliance with the organization s information policy,
SE, All customer information will be stored on a secure database  accessible only to authorized personnel,
SE,All credit card information will be encrypted in the database,
SE,The streaming server will have anti-virus software to prevent infection of malicious viruses,
LF,The website should cater to all tribes in Nigeria,
LF,The website shall not be offensive to religious or ethnic groups,
LF, The website should appeal to all Africans  not only Nigerians,
O,The website should use Flash to provide animation on the home page,
L,IzognMovies shall meet the licensing requirements set forth by the appropriate organizations in order to stream African movies,
L,The website will comply with W3C standards,
L,The PHP code will comply with PEAR standards,
PE,Total lead cycle time must be completed in 5 minutes for 90% of lead volume between the business hours of 8AM CST to 8PM CST; then 3 minutes for 99% of lead volume during off business hours,
PE,No lead evaluation will complete in a time period longer than 25 seconds for 97% of all leads processed,
PE,For leads that process longer than 25 seconds the system will record the event and duration,
PE,The process must fit within the processing time conditions set forth by the Auto Rep Assignment process in which a lead is assigned within 3 minutes of the total life cycle,
O,The lead washing process will operate within the established physical web service structure,
O, The washing process must use a non binding  neutral data format  such as xml  when receiving and processing lead data,
A,Defect reports will be available to technical units on a 24x7 basis,
MN,Washing parameters will be updated during scheduled maintenance hours,
LF,The product shall simulate the look of ships at sea,
LF,The product shall display the grids within a circle as a view from a periscope,
LF,The product shall display each type of ship in a grid using an image of the specific type of ship,
LF, When the offensive player takes a shot  the product shall simulate the sound of a ship at sea,
LF, When a shot is marked as a miss  the product shall simulate the sound of a shot missing its target,
LF, When a shot is marked as a hit  the product shall simulate the sound of a shot hitting its target,
LF, When a ship is sunk  the product shall simulate the sound of a sinking ship,
A, The product shall be available 24 hours per day  seven days per week,
PE,The product shall able to handle a large number of games simultaneously,
PE,The response time shall be fast enough to maintain the flow of the game  The response time shall be no more than 2 seconds for 95% of responses and no more than 4% for the remaining responses,
PE,The product shall protect the identity of the players The product shall provide players no access to information that might reveal the identity of another player,
US,The product shall be intuitive and self-explanatory  Nine out ten users shall be able to successfully complete a game with no training,
US, The product shall be available to players who understand English  Spanish and French  The product shall allow the user to select the language upon accessing the product,
SE,The product shall provide players no access to information that might reveal the identity of another player,
PE,The response time shall be fast enough to maintain the flow of the game The response time shall be no more than 2 seconds for 95% of responses and no more than 4% for the remaining responses,
US,The system shall be easy to use by callers and supervisors Callers and supervisors must be able to accomplish any system task within 2 minutes,
US,The system shall be easy to learn by callers and supervisors Callers and supervisors shall learn how to use the system within 10 minutes,
PE,The system shall be responsive At the DePaul TeleServices Center  when a supervisor uses the system to view a callers schedule  the system response time must be no more than 2 seconds 90% of the time and no more than 5 seconds the rest of the time,
PE,On a 56k connection  the system response time for all operations must be no more than 6 seconds 90% of the time,
PE,On a 112k connection or faster  the system response time for all operations must be no more than 3 seconds 90% of the time,
A,The system shall have high availability every day of the yearThe system must be available for use between 12,
A,The system must be available for use between 7,
MN,The product shall be internet browser independentThe product must run using Internet Explorer and Netscape Navigator,
SE,The product shall ensure that only supervisors can advertise empty time slotsThe product must ensure that supervisors are allowed to access advertise empty time slots,
SE,The product shall ensure that only supervisors can enter a caller s scheduleThe product must ensure that supervisors are allowed to access advertise empty time slots,
SE,The product shall ensure that only supervisors can view schedule of all callersThe product must ensure that supervisors are allowed to access advertise empty time slots,
LF,The interface shall have a simple look In the interface and usability survey  90% of beta testers must report that the interface is adequately simple,
LF,The interface shall be appealing to callers and supervisors In the interface and usability survey  80% of beta testers must report that the interface is appealing,
LF,The product shall provide GUI based Monitoring ServicesSystem Administrators shall monitor message exchanges will predict and determine problems and will also provide internal and external support,
LF,The product shall comply with City of Chicago Application Development Guide FrameworkApplication Development Framework will provide structured Graphical User Interface,
US,The product shall provide Monitoring ServicesThe product shall be easy for System Administrators and DBAs to use after two weeks of usage,
US,The product shall provide Error Tracking ServicesThe product shall help the System Administrators and DBAs to resolve transaction errors 99% of the time,
US,The product shall provide PortalsThe product shall help System Administrators to analyze the transactions with ad-hoc reporting and KPIs (Key Performance Indicators),
PE,The product shall provide Asynchronous MessagingThe product shall provide asynchronous messaging to enable parallel processing and reduce the overhead in communications,
PE,The product shall provide Multi-threading and Load BalancingThe product shall provide multi-threading technology as well as load balancing to overcome data load spikes and traffic,
PE,The product shall process messages within 2 secondsThe product shall have a maximum message processing time of 2 seconds,
PE,The product shall poll the system for messages every secondThe product shall poll the system for new messages at a maximum of every 1 second,
PE,The product shall provide Dynamic Change Support and Transparent resource additionThe product shall support Transparent Resource addition and Dynamic Change support to provide scalability and avoid service interruptions of more than 1 day,
A,The product shall be available 99% of the time Rationale,
FT,The product shall be robustThe product shall have fault avoidance based on standards adoption,
FT,The product shall be robust with fault toleranceThe product shall have fault tolerance by using recovery technique compensatory transaction and routing around failures,
SC,The product shall be able to process all transactionsThe product shall process minimum of 1 million transactions per year,
O,The product shall be platform independentThe product shall enable access to any type of development environment and platform,
O,The product shall interface CSR and DatastreamThe product shall exchange messages between CSR and EAM on a real time basis without any direct interfaces between two systems,
MN,The product shall continue to operate during upgrade  change or new resource additionThe product shall be able to continue to operate with no interruption in service due to new resource additions,
MN,The product shall be updated on a regular basisThe product will have a new major feature introduced every six months and quarterly maintenance releases every six months,
MN,The product shall operate with every platformThe product shall accommodate any new technology without any change in its architecture,
SE, The product shall have securityThe product shall provide authentication  and authorization,
SE,The product shall information Security The product shall enable privacy by encryption WS-Security and Integrity Checking,
SE,The product shall have audit capabilitiesThe product shall store messages for a minimum of one year for audit and transaction tracking purposes,
LF,The system shall use IBM and CCR branding standards The interface must have one IBM logo and one CCR logo,
LF,The system shall be displayable on any work computer a CCR user may have The system interface shall be formatted to display at 800 by 600 pixel resolution,
LF,The system interface will use CCR nomenclature The system must use the same nomenclature used in the existing WCS system and reports,
LF,The interface must summarize the data in a fashion that s appealing to CCR management Every report type must have at least one high level summary shown in the results dashboard/interface,
US,The system must use a point and click interface 100% of all selection and navigation functionality must be able to be activated/selected by either a mouse or a keyboard,
US,The interface shall be easy to use 90% of users should be able to successfully use the system to generate a report on their first use The interface should adhere to IBM usability standards,
US,Rreports must be easy to generate eports must be generated within one button click and exported within one button click (after selecting the report),
US,A user shall be able to use the system without instruction after a short amount of time After one use a user should understand and remember 90% of the system usage and navigation,
US,All CCR users shall receive training before the WCS system is deployed One training session will be held for 100% of CCR users before system deployment (based on a CCR user being available),
US,The WCS system shall use appropriate nomenclature and terminology as defined by the Corporate Community Grants organization All interfaces and reports will undergo usability tests by CCR users,
A,The WCS system shall be available at all times as long as IBM s internal intranet W3 is accessible The WCS system will be available 95% of the time IBM s internal intranet W3 is available,
SC,The WCS system shall have the ability to connect other designated WCS databases currently not included in the system,
SC,The WCS system shall have the ability to include data for regions outside the United States and be accessed by users outside of the United States if approved by CCR management,
O,The WCS system shall be run in a Windows environment The WCS shall be accessed by users through the Internet on an IBM computer running a Windows 2000 or above operating system,
O,The Brio portion of the WCS system must be able to export files in spreadsheet form (Microsoft Excel and Lotus 1-2-3 formats)  Brio will provide buttons in the user interface that produce/export reports in xls or 123 file formats,
MN,The WCS system must run queries to the WCS databases once again (on a specified day) to update the available data available to CCR users Queries must be made to external databases for data refresh once a week,
MN, All changes  updates  and additions to the WCS system shall be updated in the WCS Developer and WCS User Guides Every change must be reflected in WCS system documentation,
SE,The system shall only be accessed by authorized Corporate Community Grants (CCR) employees Users must be authenticated using their IBM intranet user name and password,
SE,The WCS system shall not allow automatic logins by any user Cookies containing WCS login information about a user will not be stored on a user s computer,
SE,Each team owner will need to use a username and password in order to be authenticated to reach the team owner s page,
SE,The Commissioner will be the only authorized user per league to adjust league settings,
LF,Each page shall contain a navigation menu which shows the index into which the current page is contained,
LF,Each page shall contain a similar format with action items in one location and navigation buttons in a different location,
LF,The message board shall contain the 5 most recently posted messages on the league page The messages will contain up to the first 150 characters of the message,
US,A new user shall be able to navigate through the league and team pages within 30 seconds of reaching the start-up page,
US,Users shall be able to reach the  add    drop   and  trade player  pages with one click from the team owner s page,
US,Users shall be able to view at least 25 NFL player statistics and points on each page,
US,The application shall ask the user to confirm dropping a player or trading a player before performing the action,
PE,The application shall be able to complete every user transaction within one fourth of a second of receiving the request over the network,
A,The application shall have a downtime of at most 10 minutes per year,
O,The application shall run on a web application server,
PE,The maximum wait time for a user navigating from one screen to another within the Disputes application shall be no more than 5 seconds,
PE,The Disputes application shall support 350 concurrent users without any degradation of performance in the application,
O, The Disputes application shall be available 24x7x365  with the exception of the following scheduled maintenance windows  Monday   Saturday 3,
O,The Disputes application shall interface with the Statement Database The Statement Database provides the transaction details to the Disputes System All transaction details must be obtained from the Statement Database,
O,A primary database will be used to store cached data for active users,
A,The system shall achieve 95% up time,
LF,The system shall have a professional appearance,
LF,The product shall have a consistent color scheme and fonts,
US,The system shall be used by realtors with no training,
US,The system shall be intuitive and self explanatory,
US,The product shall be easy for a realtor to learn,
US,The product shall use symbols and words that are naturally understandable by the realtor community,
PE,The product shall produce search results in an acceptable time,
PE,The search results shall be returned no later 30      seconds  after the user has entered the search criteria,
PE,The product shall generate a CMA report in an acceptable time,
PE,The CMA report shall be returned no later 60 seconds after the user has entered the CMA report criteria,
PE,The product shall synchronize contacts and appointments in an acceptable time,
PE,The product shall synchronize with the office system every hour,
A, The product shall be available for use 24 hours per day  365 days  per year,
A, Out of 1000 accesses to the system  the system is available 999 times,
FT,The product shall operate in offline mode whenever internet connection is unavailable,
FT, The product shall allow the user to view previously downloaded search results  CMA reports  and appointments,
FT,The product shall retain user preferences in the event of a failure,
FT,100% of saved user preferences shall be restored when system comes back online,
SC,The product shall be able to support multiple remote users,
SC,The product shall be able support 1000 simultaneous users,
SC,The product shall be capable of handling the existing 1000 users This number is expected to grow 5 times within the next year,
US,The product shall be installed by an untrained realtor   without recourse to separately-printed instructions,
US,90% of untrained realtors shall be able to install the product on their device without printed instructions,
PO,The product is expected to run on Windows CE and Palm operating systems,
SE,Only registered realtors shall be able to access the system,
SE,Every user of the system shall be authenticated and authorized,
SE,The product shall prevent its data from incorrect data being introduced,
SC,system shall be able to handle all of the user requests/usage during business hours,
SC,The system shall cater to 10 simultaneous users from 9am to 5pm,
SC,The system shall be capable of processing 100% of nursing students and their classes for the next 10 years,
SC,The system shall be expected to manage the nursing program curriculum and class/clinical scheduling for a minimum of 5 years,
O,The system shall able to operate within a business office environment typical of the Nursing Department at DePaul University,
O,The system shall be used within the specifications defined by the computers used by the Program Administrators/Nursing Staff Members,
O,A secondary database will be used to store historical statistics and data,
US,The system shall be easy to use by the Program Administrators/Nursing Staff Members,
US,All of the users shall be able to use the system after one day of training,
US,The system shall help the user avoid making mistakes while scheduling classes and clinicals for the nursing students,
US,The number of mistakes noted by the students shall be decreased by 50% in the first year,
US,The system shall be intuitive to the Program Administrators/Nursing Staff Members,
US,2 out of 3 Program Administrators/Nursing Staff Members shall successfully be able to use the system to manage the scheduling of classes and clinicals,
US,The system shall use symbols and words that are naturally understandable by the user community,
US,The verbiage used within the system shall be consistent with Standard English and the terminology of the national Nursing Community,
PE,Staff members shall be able to complete a set of tasks in a timely manner,
PE,The response time of general student management tasks shall take no longer than 5 seconds and the response time of schedule generation shall take no longer than 30 seconds,
A,The system shall be available for use between the hours of 8am and 6pm,
O,The system shall operate within the Windows XP Professional operating system,
O,The system shall interface with CampusConnect s central server,
O,The system shall interface with the faculty central server,
O,The system shall interface with the student master server,
O,We must be able to interface with any HTML browser,
SE,Only authorized users shall have access to clinical site information,
SE,Program Administrators/Nursing Staff Members are the only people who shall have access to clinical site details,
SE,Only authorized users shall have access to students  personal information,
SE,Dr Susan Poslusny and Dr Julie Donalek are the only people who shall have access to students  personal information,
SE,Only authorized users shall have access to the portion of the system that interfaces with CampusConnect,
SE,Fit Criterion,
SE,The system shall have basic data integrity checking to reduce the possibility of incorrect or invalid data being introduced,
SE,The system shall protect private information in accordance with the organization s information policy,
SE,The system shall be built such that it is as secure as possible from malicious interference,
SE,The system shall use the organization s standard virus protection software to help monitor threats to itself,
MN,Application updates shall occur between 3AM and 6 AM CST on Wednesday morning during the middle of the NFL season,
MN,New System version releases shall be released at the beginning of each NFL season,
A,The RFS system should be available 24/7  especially during the budgeting period The RFS system shall be available 90% of the time all year  and 98% during the budgeting period 2% of the time  the system will become available within 1 hour of the time that the situation is reported,
O,98% of the user workstations shall meet the minimum hardware requirements prior to implementation Minimum Hard Disk Space,
O,98% of the user workstations shall meet the minimum software requirements prior to implementation,
O,The RFS system should be able to easily interface with the BDW environment  in order to load the data  	7 data files shall be received from the BDW and loaded into the RFS system within 3 hours one day prior to the start of budgeting process  every year The data will be as of October month-end 	Test files (7) shall be loaded up to 5 times throughout the year  from the BDW,
MN,Changes to revenue and expense formulae must be applied to the RFS system  every year  prior to the budgeting process start Revenue and expense formulae will be updated within one week of their receipt  after which 2 weeks will be allotted to testing of the budget calculations  to be conducted jointly by the project development team and PCG Finance,
MN,New branches/complexes/districts/regions and revenue/expense accounts added to the BDW  must be reflected in the RFS system 100% of the entities (mentioned above) available as of October month-end  will be loaded into the RFS system  prior to the budget start process,
SE,Only authorized user shall access the RFS system ONLY users that exist in the UAS system  with the RFS system assigned to their role(s)  shall access the RFS system and use it,
SE,User access should be limited to the permissions granted to their role(s) Each level in the PCG hierarchy will be assigned a role and users will be assigned to these roles Access to functionality within RFS system is dependent on the privileges/permission assigned to the role,
LF,The product must comply with the intranet page standards and requirements of ENET Securities 95% of the product look & feel will be approved by the Architecture group  prior to implementation The remaining 5% will be corrected and approved within one month of product release,
LF,The intranet pages should display appropriately in all resolutions  from 800x600 and higher The display of all the pages will be correct in 95% of the resolutions  prior to implementation The remaining 5% will be corrected within a week of notification of the incorrect display,
US,The users should be able to easily use the system to successfully complete their budgets  within the stipulated time for completion With a week of training prior to product implementation  98% of the users shall complete their budgets within the stipulated time,
PE,The product interface should be fast The response time of the product interface should not exceed 2 seconds 90% of the time For 10% of the time  the response time should not be more than 10 secondsnot be more than 10 seconds,
LF, The product�s Look and Feel shall be able to incorporate aspects of the customer�s organization such as logo  branding  and identity,
PE,The response shall be fast enough to avoid interrupting the user�s flow of thought  90% of tasks shall complete within 5 seconds  98% of tasks shall complete within 8 seconds,
MN,The product must be highly configurable for use with various database management systems for the end users  80% of end users are able to integrate new database management systems with the product without changing the product�s software code,
US,Every registered user will have access to the product�s support site via the Internet  70% of registered users shall find a solution to their problem within 5 minutes of using the support site,
MN,The customer shall be able to easily integrate new building maps with the product throughout the product�s lifecycle  Integration of new maps with the product shall be possible with little to no support from product support staff,
US, The product shall be translated into foreign languages other than the target market countries� languages in future releases  For each emerging target market  it shall take no more than 5 days to configure the product for that market�s language,
SE,The product shall ensure that the database�s data corresponds to the data entered by the user  Each conference room reservation in the system will contain the same information as was entered by the user,
SE,The product shall prevent the input of malicious data  The product and/or adjacent hardware/software systems� data shall remain 100% uncorrupted each time malicious data is input into the product,
US,The product shall be able to display calendar dates and times according to the user�s locale  90% of survey respondents from each target market country will find that the date and time formatting of the product is correct,
PE,System shall let customers register on the website as a �pay as you go� user in under 5 minutes,
PE,System shall let customers register on the website as a �unlimited movie subscriber� user in under 10 minutes,
US,The product shall retain the customer�s buying preferences and information,
PE, When streaming a movie  the buffering time should take no longer than 10 seconds (plus any latency on the user�s connection),
PE, While streaming a movie  buffering should only occur if there is latency in the user�s connection,
SE,The system shall reveal private information only in compliance with the organization�s information policy,
SE,The product shall ensure that only supervisors can enter a caller�s scheduleThe product must ensure that supervisors are allowed to access advertise empty time slots,
LF,The interface must summarize the data in a fashion that�s appealing to CCR management Every report type must have at least one high level summary shown in the results dashboard/interface,
A,The WCS system shall be available at all times as long as IBM�s internal intranet W3 is accessible The WCS system will be available 95% of the time IBM�s internal intranet W3 is available,
SE,The WCS system shall not allow automatic logins by any user Cookies containing WCS login information about a user will not be stored on a user�s computer,
SE,Each team owner will need to use a username and password in order to be authenticated to reach the team owner�s page,
US,Users shall be able to reach the �add�  �drop�  and �trade player� pages with one click from the team owner�s page,
O, The Disputes application shall be available 24x7x365  with the exception of the following scheduled maintenance windows  Monday � Saturday 3,
O,The system shall interface with CampusConnect�s central server,
SE,Only authorized users shall have access to students� personal information,
SE,Dr Susan Poslusny and Dr Julie Donalek are the only people who shall have access to students� personal information,
SE,The system shall protect private information in accordance with the organization�s information policy,
SE,The system shall use the organization�s standard virus protection software to help monitor threats to itself,
O,The RFS system should be able to easily interface with the BDW environment  in order to load the data �	7 data files shall be received from the BDW and loaded into the RFS system within 3 hours one day prior to the start of budgeting process  every year The data will be as of October month-end 	Test files (7) shall be loaded up to 5 times throughout the year  from the BDW,
PE,'The system shall refresh the display every 60 seconds',
L,'The application shall match the color of the schema set forth by Department of Homeland Security',
LF,'The application shall match the color of the schema set forth by Department of Homeland Security',
LF,'If projected the data must be readable On a 10x10 projection screen 90% of viewers must be able to read Event / Activity data from a viewing distance of 30',
US,'If projected the data must be readable On a 10x10 projection screen 90% of viewers must be able to read Event / Activity data from a viewing distance of 30',
A,'The product shall be available during normal business hours As long as the user has access to the client PC the system will be available 99% of the time during the first six months of operation',
LF,'If projected the data must be understandable On a 10x10 projection screen 90% of viewers must be able to determine that Events or Activities are occuring in current time from a viewing distance of 100',
US,'If projected the data must be understandable On a 10x10 projection screen 90% of viewers must be able to determine that Events or Activities are occuring in current time from a viewing distance of 100',
SE,'The product shall ensure that it can only be accessed by authorized users The product will be able to distinguish between authorized and unauthorized users in all access attempts',
US,'The product shall be intuitive and self-explanatory : 90% of new users shall be able to start the display of Events or Activities within 90 minutes of using the product',
PE,'The product shall respond fast to keep up-to-date data in the display',
LF,'The display shall have two regions: left 2/3 of the display is graphical right 1/3 of the display is a data table',
LF,'The table side of the display shall be split into 2 regions: sequential and temporal',
LF,'The top 1/4 of the table will hold events that are to occur sequentially',
LF,'The bottom 3/4 of the table will hold events that occur according to its relevance to current time',
LF,'The system shall color code events according to their variance from current time',
LF,'The system shall display data from the Sync Matrix 10 and Exercise Management Tool 10 applications',
MN,'The system shall link Events back to either the Sync Matrix 10 or the Exercise Managment Tool 10 applications for modifications',
PO,'The system shall link Events back to either the Sync Matrix 10 or the Exercise Managment Tool 10 applications for modifications',
LF,'The look and feel of the system shall conform to the user interface standards of the smart device',
LF,'The user interface shall have standard menus buttons for navigation',
LF,'The system shall have a professional appearance',
LF,'The product shall have a consistent color scheme and fonts',
US,'The system shall be used by realtors with no training',
US,'The system shall be intuitive and self explanatory',
US,'The product shall be easy for a realtor to learn',
LF,'The product shall use symbols and words that are naturally understandable by the realtor community',
US,'The product shall use symbols and words that are naturally understandable by the realtor community',
PE,'The product shall produce search results in an acceptable time',
PE,'The search results shall be returned no later 30 seconds after the user has entered the search criteria',
PE,'The product shall generate a CMA report in an acceptable time',
PE,'The CMA report shall be returned no later 60 seconds after the user has entered the CMA report criteria',
PE,'The product shall synchronize contacts and appointments in an acceptable time',
PE,'The product shall synchronize with the office system every hour',
A,'The product shall be available for use 24 hours per day 365 days per year',
A,'Out of 1000 accesses to the system the system is available 999 times',
FT,'The product shall operate in offline mode whenever internet connection is unavailable',
FT,'100% of saved user preferences shall be restored when system comes back online',
SC,'The product shall be able support 1000 simultaneous users',
PE,'The product shall be capable of handling the existing 1000 users This number is expected to grow 5 times within the next year',
SC,'The product shall be capable of handling the existing 1000 users This number is expected to grow 5 times within the next year',
US,'The product shall be installed by an untrained realtor without recourse to separately-printed instructions',
US,'90% of untrained realtors shall be able to install the product on their device without printed instructions',
PO,'The product is expected to run on Windows CE and Palm operating systems',
SE,'Only registered realtors shall be able to access the system',
SE,'Every user of the system shall be authenticated and authorized',
SE,'The product shall prevent its data from incorrect data being introduced',
US,'The system shall be easy to use by the Program Administrators/Nursing Staff Members',
US,'All of the users shall be able to use the system after one day of training',
US,'The system shall help the user avoid making mistakes while scheduling classes and clinicals for the nursing students',
US,'The number of mistakes noted by the students shall be decreased by 50% in the first year',
US,'The system shall be intuitive to the Program Administrators/Nursing Staff Members',
US,'2 out of 3 Program Administrators/Nursing Staff Members shall successfully be able to use the system to manage the scheduling of classes and clinicals',
LF,'The system shall use symbols and words that are naturally understandable by the user community',
US,'The system shall use symbols and words that are naturally understandable by the user community',
LF,'The verbiage used within the system shall be consistent with Standard English and the terminology of the national Nursing Community',
US,'The verbiage used within the system shall be consistent with Standard English and the terminology of the national Nursing Community',
PE,'Staff members shall be able to complete a set of tasks in a timely manner',
PE,'The response time of general student management tasks shall take no longer than 5 seconds and the response time of schedule generation shall take no longer than 30 seconds',
A,'The system shall be available for use between the hours of 8am and 6pm',
A,'The system shall achieve 95% up time',
A,'system shall be able to handle all of the user requests/usage during business hours',
SC,'system shall be able to handle all of the user requests/usage during business hours',
A,'The system shall cater to 10 simultaneous users from 9am to 5pm',
SC,'The system shall cater to 10 simultaneous users from 9am to 5pm',
SC,'The system shall be capable of processing 100% of nursing students and their classes for the next 10 years',
SC,'The system shall be expected to manage the nursing program curriculum and class/clinical scheduling for a minimum of 5 years',
O,'The system shall able to operate within a business office environment typical of the Nursing Department at DePaul University',
O,'The system shall be used within the specifications defined by the computers used by the Program Administrators/Nursing Staff Members',
O,'The system shall operate within the Windows XP Professional operating system',
O,The system shall interface with CampusConnect's central server',
O,'The system shall interface with the faculty central server',
O,'The system shall interface with the student master server',
O,'We must be able to interface with any HTML browser',
SE,'Only authorized users shall have access to clinical site information',
SE,'Program Administrators/Nursing Staff Members are the only people who shall have access to clinical site details',
SE,Only authorized users shall have access to students' personal information',
SE,Dr Susan Poslusny and Dr Julie Donalek are the only people who shall have access to students' personal information',
SE,'Only authorized users shall have access to the portion of the system that interfaces with CampusConnect',
SE,'Fit Criterion: Dr Susan Poslusny and Karen Sysol are the only people who shall have access to the final class section scheduling for the system that interfaces with CampusConnect',
SE,'The system shall have basic data integrity checking to reduce the possibility of incorrect or invalid data being introduced',
L,The system shall protect private information in accordance with the organization's information policy',
SE,The system shall protect private information in accordance with the organization's information policy',
SE,'The system shall be built such that it is as secure as possible from malicious interference',
SE,The system shall use the organization's standard virus protection software to help monitor threats to itself',
L,'The Disputes application shall comply with the corporate standards for user interface creation for internally and externally used applications',
LF,'The Disputes application shall comply with the corporate standards for user interface creation for internally and externally used applications',
L,'All screens created as part of the Disputes application must comply with corporate standards for interface creation',
LF,'All screens created as part of the Disputes application must comply with corporate standards for interface creation',
LF,'The list of dispute cases that are displayed after a search is performed must be color coded for easy identification of dispute cases based upon the dispute case status',
SC,'100% of the cardmember and merchant services representatives shall use the Disputes application regularly after a 2-day training course',
US,'100% of the cardmember and merchant services representatives shall use the Disputes application regularly after a 2-day training course',
SC,'100% of cardmember services representatives shall be able to successfully create a dispute case on the first encounter after completing the training course',
US,'100% of cardmember services representatives shall be able to successfully create a dispute case on the first encounter after completing the training course',
SC,'100% of merchant services representatives shall be able to successfully perform a follow up action on a dispute case on the first encounter after completing the training course',
US,'100% of merchant services representatives shall be able to successfully perform a follow up action on a dispute case on the first encounter after completing the training course',
PE,'The maximum wait time for a user navigating from one screen to another within the Disputes application shall be no more than 5 seconds',
PE,'The Disputes application shall support 350 concurrent users without any degradation of performance in the application',
SC,'The Disputes application shall support 350 concurrent users without any degradation of performance in the application',
A,'The Disputes application shall be available 24x7x365 with the exception of the following scheduled maintenance windows Monday â€“ Saturday 3:00am to 4:00am EST Sunday 1:00amd to 5:00am EST',
O,'The Disputes application shall be available 24x7x365 with the exception of the following scheduled maintenance windows Monday â€“ Saturday 3:00am to 4:00am EST Sunday 1:00amd to 5:00am EST',
O,'The Disputes application shall interface with the Statement Database The Statement Database provides the transaction details to the Disputes System All transaction details must be obtained from the Statement Database',
O,'The Disputes application shall interface with the Cardmember Information Database The Cardmember Information Database provides detailed information with regard to a cardmember All cardmember detail information must be obtained from the Cardmember Information Database',
O,'The Disputes applications shall interface with the Merchant Information Database The Merchant Information Database provides detailed information with regard to the merchant All merchant detail information shall be obtained from the Merchant Information Database',
O,'The Disputes application shall interface with the Letters application This will allow the Disputes application to request letters as part of the dispute initiation and dispute follow up process All letter requests must be sent to the Print Letter Utility application',
O,The Disputes application shall interface with the Cardmember Posting and Billing System This will allow the Disputes application to request adjustments to cardmember and merchant's accounts All adjustment requests must be sent to the Cardmember Posting and Billing System',
SE,'The Disputes application shall ensure that only users with the appropriate access level are allowed to initiate dispute requests',
SE,'Only users with Update access must be able to initiate dispute requests',
SE,'The Disputes application shall ensure that only authorized users are allowed to logon to the application',
SE,'All authorized users once authenticated must be able to logon to the Disputes System',
SE,'If a user account is revoked it can only be re-instantiated by the System Administrator',
SE,'Only the System Administrator shall be able to reset a revoked user logon account',
SE,'The Disputes application shall manipulate and view business data Users will not have direct access to data files or databases',
L,'The Disputes application must conform to the legal requirements as specified by the Merchant Operating Regulations',
L,'All business rules specified in the Disputes System shall be in compliance with the Merchant Operating Regulations',
L,'The Disputes application must conform to the legal requirements as specified by Regulation E and Regulation Z that govern credit card disputes processing',
L,'All business rules specified in the Disputes System shall be in compliance to the guidelines of Regulation E and Regulation Z',
L,'The Disputes application must maintain a detailed history of every action that a user takes on a dispute case This ensures a complete audit trail if questions arise later on with regard to a particular dispute case',
L,'All actions that modify an existing dispute case must be recorded in the case history',
MN,'All actions that modify an existing dispute case must be recorded in the case history',
A,'The Disputes System must be accessible by both internal and external users',
SE,'The Disputes System must be accessible by both internal and external users',
SE,'The Disputes System must prevent users from accessing any dispute cases that do not belong to their cardholder base',
PE,'The Disputes System will facilitate direct data entry of a dispute case via a user interface that supports real time responses to the users',
SC,'The Disputes System will facilitate direct data entry of a dispute case via a user interface that supports real time responses to the users',
SE,'The Disputes System must provide different levels of access with regard to disputes case initiation and follow-up actions',
SE,'The Disputes System shall provide view access capability for authorized users of the application',
SE,'The Disputes System shall provide update access capability for authorized users of the application',
L,'The Disputes System shall prevent the creation of duplicate dispute requests 100% of the time',
MN,'The Disputes System shall prevent the creation of duplicate dispute requests 100% of the time',
L,'The Disputes System shall accurately provide a list of possible reason codes for a given transaction The list of possible reason codes must be derived based on the type of transaction and the industry that the merchant belongs to according to the business rules defined for the Disputes System',
MN,'The Disputes System shall accurately provide a list of possible reason codes for a given transaction The list of possible reason codes must be derived based on the type of transaction and the industry that the merchant belongs to according to the business rules defined for the Disputes System',
LF,'A list of all disputes cases that meet the entered search criteria must be provided to the user The list of cases must differentiate the type and/or status of the case by color -coding the line item in the list For example all open cases will be yellow and all closed cases will be gray',
L,'All letter requests must be formatted according to guidelines specified by the Print Letter Utility system',
LF,'All letter requests must be formatted according to guidelines specified by the Print Letter Utility system',
PO,'The product must support Internet Explorer 55 and above',
PO,'The product must support Mozilla Firefox 10 and above',
O,'The product shall interface with the Choice Parts System This provides the feed of recycled parts data',
PO,'The product shall run on the existing hardware for all environments',
L,'The product shall adhere to the corporate Architecture guidelines',
L,'The product shall comply with corporate User Interface Guidelines',
LF,'The product shall comply with corporate User Interface Guidelines',
L,'The product shall comply with corporate color scheme',
LF,'The product shall comply with corporate color scheme',
LF,'The appearance of the product shall appear professional',
US,'The product shall be easy to use by Adjusters and Collision Estimators 95% of Adjusters and Collision Estimators shall find the product easy to use',
US,'The product shall increase productivity of Collision Estimators 80% of the Collision Estimators shall agree their productivity has increase within 1 month of using the product',
US,'Users shall feel satisfied using the product 85% of all users will be satisfied with the product',
US,'The product shall be easy to learn by Adjusters and Collision Estimators The product shall be learned with two days onsite training',
LF,'The user shall easily locate instructions while using the product User help can be found within 90% of the system',
US,'The user shall easily locate instructions while using the product User help can be found within 90% of the system',
PE,'The search for recycled parts shall take no longer than 15 seconds The search results shall be returned in under 15 seconds',
PE,'The search for the preferred repair facility shall take no longer than 8 seconds The preferred repair facility is returned within 8 seconds',
PE,'The recycled parts audit report shall be returned to the user within 10 seconds The audit report shall be returned within 10 seconds',
PE,'The preferred repair facility ratings shall be saved within 5 seconds The save shall occur within 5 seconds',
A,'The product shall adhere to the corporate online availability schedule The application is brought down only within 98% of the scheduled outages per the availability schedule',
A,'The product shall achieve a 98% uptime The product shall not fail more than 2% of the available online time',
FT,'The product shall achieve a 98% uptime The product shall not fail more than 2% of the available online time',
SC,'The product shall be able to handle up to 1500 simultaneous users The system shall perform with 1500 users as a time',
SC,'The average number of recycled parts records per day shall be 50 000',
SC,'The product shall be able to handle 10 000 concurrent users within 2 years of the initial launch',
O,'For estimators the product shall be able to be operated in a repair facility during dirty and noisy conditions',
O,'The product shall interface with the ChoiceParts system once per day at approximately 1:00 AM',
MN,'The maintenance of the product will fall within the established corporate maintenance windows',
O,'The product shall be supported using the corporate support center',
MN,'Product installations and upgrades shall be handled by the middleware technology team within established launch time frames',
SE,'Only adjusters can request recycled parts audit reports No users without an adjuster role shall request recycled parts audits',
SE,'Only adjusters with a supervisor role can update preferred repair facility ratings Users without the supervisor role cannot access the repair facility ratings',
SE,'Only collision estimators shall search for recycled parts Users without the collision estimator role shall not have access to the search for recycled parts',
SE,'Only valid data shall be entered into the system No invalid data shall be entered into the system',
US,'Only valid data shall be entered into the system No invalid data shall be entered into the system',
SE,'One insurance company shall not be able to view another insurance companys claim data',
SE,'The product shall free of computer viruses',
SE,'The system shall prevent malicious attacks including denial of service',
L,'The product must comply with Sarbanes-Oxley',
L,'The product shall comply with the estimatics laws relating to recycled parts usage',
L,'The product shall comply with insurance regulations regarding claims processing',
O,'The product must work with most database management systems (DBMS) on the market whether the DBMS is colocated with the product on the same machine or is located on a different machine on the computer network',
PO,'The product must work with most database management systems (DBMS) on the market whether the DBMS is colocated with the product on the same machine or is located on a different machine on the computer network',
PO,'The product will function alongside server software on any operating system where the Java runtime can be installed',
O,'The product will require collaboration with a database management system (DBMS) The DBMS may be located on the same machine as the product or on a separate machine residing on the same computer network',
PO,'The product will require collaboration with a database management system (DBMS) The DBMS may be located on the same machine as the product or on a separate machine residing on the same computer network',
O,'The product must make use of web/application server technology Open source examples include Apache web server Tomcat and the JBoss application server',
O,'A database management system such as Oracle DB2 MySql or HSQL will need to be integrated with the product',
LF,The product's Look and Feel shall be able to incorporate aspects of the customer's organization such as logo branding and identity',
LF,'The product shall have a conservative and professional appearance',
US,'The product shall make the users want to use it 80% of the users surveyed report they are regularly using the product after the first 2 weeks post-launch',
US,'The product shall be easy to use 90% of users will be able to successfully reserve a conference room within 5 minutes of product use',
PE,'The product shall give users feedback when necessary 80% of the users surveyed report that the product accurately confirms their actions',
US,'The product shall give users feedback when necessary 80% of the users surveyed report that the product accurately confirms their actions',
US,'The product shall allow the user to select a chosen language from one of the target market countries',
US,'The product shall allow for customization of start page and views preferences',
US,'An employee will be able to successfully use the product within a few minutes After informally navigating the product for less than 15 minutes users shall be able to successfully setup meetings and reserve conference rooms',
US,'The product shall use a standard navigation menu familiar to most web users',
US,'The product shall allow for intuitive searching of available conference rooms',
L,'The product shall conform to the Americans with Disabilities Act',
PE,The response shall be fast enough to avoid interrupting the user's flow of thought 90% of tasks shall complete within 5 seconds 98% of tasks shall complete within 8 seconds',
A,'Aside from server failure the software product shall achieve 9999% up time',
MN,'The product shall create an exception log of problems encountered within the product for transmission to our company for analysis and resolution',
SC,'The product shall be capable of handling up to 1 000 concurrent requests This number will increase to 2 000 by Release 2 The concurrency capacity must be able to handle peak scheduling times such as early morning and late afternoon hours',
SC,'The product shall be able to process 10 000 transactions per hour within two years of its launch This number will increase to 20 000 by Release 2',
O,'The product shall be expected to operate for at least 5 years for each customer installation',
O,'The product shall be used in office environments',
LF,'The product must be able to interface with any HTML browser The product shall transmit data between the user and the product without problems The product shall display HTML properly in 80% of all HTML browsers tested (minimum is to test 8 browsers)',
O,'The product must be able to interface with any HTML browser The product shall transmit data between the user and the product without problems The product shall display HTML properly in 80% of all HTML browsers tested (minimum is to test 8 browsers)',
PO,'The product must be able to interface with any HTML browser The product shall transmit data between the user and the product without problems The product shall display HTML properly in 80% of all HTML browsers tested (minimum is to test 8 browsers)',
A,'The product must be able to interface with various database management systems The product shall communicate successfully with the database management system on 100% of all transactions',
O,'The product must be able to interface with various database management systems The product shall communicate successfully with the database management system on 100% of all transactions',
PO,'The product must be able to interface with various database management systems The product shall communicate successfully with the database management system on 100% of all transactions',
O,'The product must be able to interface with various email servers The product shall be able to send email',
PO,'The product must be able to interface with various email servers The product shall be able to send email',
O,'The product shall be available for distribution via the Internet as a binary or ZIP file',
O,'The product shall be available for distribution as a packaged CD',
O,'The product will be available for licensing as a one-server two-five servers or five-or-more servers license',
PE,'A new user must be able to be added to the system within 10 minutes 90% of new users are able to log into the system within 10 minutes',
MN,'The product must be designed using Design Patterns and coding best practices 90% of maintenance software developers are able to integrate new functionality into the product with 2 working days',
MN,The product must be highly configurable for use with various database management systems for the end users 80% of end users are able to integrate new database management systems with the product without changing the product's software code',
PO,The product must be highly configurable for use with various database management systems for the end users 80% of end users are able to integrate new database management systems with the product without changing the product's software code',
MN,'Maintenance releases will be offered to customers once a year The releases shall take no longer than 5 minutes for 80% of the customer base to install',
PE,'Maintenance releases will be offered to customers once a year The releases shall take no longer than 5 minutes for 80% of the customer base to install',
LF,Every registered user will have access to the product's support site via the Internet 70% of registered users shall find a solution to their problem within 5 minutes of using the support site',
SE,Every registered user will have access to the product's support site via the Internet 70% of registered users shall find a solution to their problem within 5 minutes of using the support site',
US,Every registered user will have access to the product's support site via the Internet 70% of registered users shall find a solution to their problem within 5 minutes of using the support site',
MN,The customer shall be able to easily integrate new building maps with the product throughout the product's lifecycle Integration of new maps with the product shall be possible with little to no support from product support staff',
MN,The product shall be translated into foreign languages other than the target market countries' languages in future releases For each emerging target market it shall take no more than 5 days to configure the product for that market's language',
SC,The product shall be translated into foreign languages other than the target market countries' languages in future releases For each emerging target market it shall take no more than 5 days to configure the product for that market's language',
US,The product shall be translated into foreign languages other than the target market countries' languages in future releases For each emerging target market it shall take no more than 5 days to configure the product for that market's language',
O,'The product is expected to integrate with multiple database management systems The product will operate with Oracle SQL Server DB2 MySQL HSQL and MS Access',
PO,'The product is expected to integrate with multiple database management systems The product will operate with Oracle SQL Server DB2 MySQL HSQL and MS Access',
O,'The product shall be able to be installed in any operating environment within 2 days',
PO,'The product shall be able to be installed in any operating environment within 2 days',
SE,'The product shall ensure that only company employees or external users with company-approved user IDs may have product access 100% of all logons shall be by either company employees or external users with company-approved user IDs',
SE,'Only managers are able to perform search queries for reservations by user 100% of all search queries for reservations by user shall be from logons of only management logons',
SE,The product shall ensure that the database's data corresponds to the data entered by the user Each conference room reservation in the system will contain the same information as was entered by the user',
SE,The product shall prevent the input of malicious data The product and/or adjacent hardware/software systems' data shall remain 100% uncorrupted each time malicious data is input into the product',
A,'The product and/or dependent databases/filesystems shall remain operational as a result of the input of malicious data The product and/or dependent databases/filesystems shall not crash 100% of the time that malicious data is input into the product',
FT,'The product and/or dependent databases/filesystems shall remain operational as a result of the input of malicious data The product and/or dependent databases/filesystems shall not crash 100% of the time that malicious data is input into the product',
SE,'The product and/or dependent databases/filesystems shall remain operational as a result of the input of malicious data The product and/or dependent databases/filesystems shall not crash 100% of the time that malicious data is input into the product',
MN,'The product shall have the ability to receive automatic software updates as new threats emerge 100% of customers will be able to receive automatic software updates transmitted to the installed product',
SE,'The product shall have the ability to receive automatic software updates as new threats emerge 100% of customers will be able to receive automatic software updates transmitted to the installed product',
SC,'The language of the product shall accommodate all of the target market countries 90% of survey respondents from each target market country will find that the language of the product is acceptable',
US,'The language of the product shall accommodate all of the target market countries 90% of survey respondents from each target market country will find that the language of the product is acceptable',
US,The product shall be able to display calendar dates and times according to the user's locale 90% of survey respondents from each target market country will find that the date and time formatting of the product is correct',
O,'The product must be developed with the J2SE/J2EE programming language libraries',
LF,'The product shall have a customizable Look and Feel',
US,'The product shall have an intuitive user interface',
PE,'Recreation of Inventory Quantity Adjustment for the period of previous 30 days shall take no more than 30min',
SC,'The System shall allow for a minimum of 6 users to work at the same time',
O,'The System shall utilize currently owned computer equipment',
FT,'The System shall be able to automatically backup business data and restore them on demand',
SE,'The System shall maintain consistent security Any changes in user passwords and/or permissions should take affect in all parts of the System',
SE,'The System shall granularly control access rights to all major subsystems It should be possible to assign access rights to all subsystems independently',
L,'The System shall meet all applicable accounting standards The final version of the System must successfully pass independent audit performed by a certified auditor',
MN,'The System shall meet all applicable accounting standards The final version of the System must successfully pass independent audit performed by a certified auditor',
O,'The System shall not require additional third party licenses resulting in royalty fees',
LF,'PME Subsystem shall allow keeping submenus within menus and products within submenus in a managed and persisted order',
US,'PME Subsystem shall allow keeping submenus within menus and products within submenus in a managed and persisted order',
LF,'The RMS System shall have Windows XP look and feel and use GUI futures making its use intuitive',
US,'The RMS System shall have Windows XP look and feel and use GUI futures making its use intuitive',
PE,'Administrator shall be able to activate a pre-paid card via the Administration section in under 5 seconds',
US,'Administrator shall be able to activate a pre-paid card via the Administration section in under 5 seconds',
PE,'Customer shall be able to check the status of their prepaid card by entering in the PIN number in under 5 seconds',
US,'Customer shall be able to check the status of their prepaid card by entering in the PIN number in under 5 seconds',
PE,"System shall let customers register on the website as a ""pay as you go"" user in under 5 minutes'",
US,"System shall let customers register on the website as a ""pay as you go"" user in under 5 minutes'",
PE,"System shall let customers register on the website as a ""unlimited movie subscriber"" user in under 10 minutes'",
US,"System shall let customers register on the website as a ""unlimited movie subscriber"" user in under 10 minutes'",
PE,'System shall let existing customers log into the website with their email address and password in under 5 seconds',
US,'System shall let existing customers log into the website with their email address and password in under 5 seconds',
PE,'System shall let customers cancel their account process shall take no longer than 2 minutes Database will mark the account as inactive and user will not be able to log into the website',
SE,'System shall let customers cancel their account process shall take no longer than 2 minutes Database will mark the account as inactive and user will not be able to log into the website',
US,'System shall let customers cancel their account process shall take no longer than 2 minutes Database will mark the account as inactive and user will not be able to log into the website',
PE,'System shall let administrator de-activate a customer account in under 1 minute Customer will no longer be able to access the website',
SE,'System shall let administrator de-activate a customer account in under 1 minute Customer will no longer be able to access the website',
PE,'System shall let administrator add/remove movies on the website in under 5 minutes Entered movie information will be stored in the database and will now be available on the website',
US,'System shall let administrator add/remove movies on the website in under 5 minutes Entered movie information will be stored in the database and will now be available on the website',
PE,'System shall let the administrator add/remove categories on the website in under 5 minutes',
US,'System shall let the administrator add/remove categories on the website in under 5 minutes',
PE,'System shall let Izogn Manager access sales and usage statistics in under 2 minutes',
PE,'System shall let administrators generate unique pre-paid pins in under 2 minutes and generate an Excel file with the generated PINs',
US,'System shall let administrators generate unique pre-paid pins in under 2 minutes and generate an Excel file with the generated PINs',
LF,'The website shall be attractive to all audiences The website shall appear to be fun and the colors should be bright and vibrant',
LF,'The website should have an African feel but should not alienate non-Africans The website should use animation on pages which are describing the services to grab the users attention and encourage them to sign up',
LF,'The website design should be modern clean and concise',
US,'The product should be able to be used by 90% of novice users on the Internet',
LF,'Users should only have to navigate through a maximum of 4 pages to create an account with the website',
US,'Users should only have to navigate through a maximum of 4 pages to create an account with the website',
LF,'Users should be able to access their streaming movies in under 2 clicks after logging into the website',
US,'Users should be able to access their streaming movies in under 2 clicks after logging into the website',
US,'An anonymous survey will show that 70% of customers are comfortable purchasing streaming movies after 2 weeks using the website',
US,'An anonymous survey will show that 95% of customers are comfortable using and purchasing pre-paid cards after a month of using the system',
US,The product shall retain the customer's buying preferences and information',
PE,'The product shall be easy for customers with novice skills on the Internet to purchase and watch streaming movies Customers should be able to purchase and watch a pre-determined movie in under 3 minutes',
US,'The product shall be easy for customers with novice skills on the Internet to purchase and watch streaming movies Customers should be able to purchase and watch a pre-determined movie in under 3 minutes',
LF,'The product shall use symbols and words that are naturally understandable by users familiar with websites',
US,'The product shall use symbols and words that are naturally understandable by users familiar with websites',
LF,'The website will use standard Internet conventions when interacting with the user',
US,'The website will use standard Internet conventions when interacting with the user',
FT,'Any interface between a user and the automated system shall have a maximum response time of 5 seconds unless noted by an exception below',
PE,'Any interface between a user and the automated system shall have a maximum response time of 5 seconds unless noted by an exception below',
PE,'When purchasing a streaming movie or pre-paid card via credit card the processing time should have a maximum response time of 15 seconds',
PE,When streaming a movie the buffering time should take no longer than 10 seconds (plus any latency on the user's connection)',
PE,While streaming a movie buffering should only occur if there is latency in the user's connection',
SE,'All credit card information will be secured on the server and only accessible by authorized Izogn administrators Information will be encrypted in the database',
A,'The website shall be available for use 24 hours per day 365 days per year',
A,'The website shall achieve 995% up time',
A,'All movies shall be streamed on demand at any time of the day',
A,'The website shall continue to operate if the streaming server goes down',
FT,'The website shall continue to operate if the streaming server goes down',
A,'The website shall continue to operate if the payment gateway goes down',
FT,'The website shall continue to operate if the payment gateway goes down',
SC,'The streaming server will support 50 simultaneous streaming connections',
MN,'The streaming server will support a maximum of 700 movies; new servers can be added to support more movies',
SC,'The streaming server will support a maximum of 700 movies; new servers can be added to support more movies',
SC,'The server will support a maximum of 1 000 simultaneous users',
SC,'The website shall be capable of supporting 100 000 customers',
MN,'The product shall be expected to operate within the maximum maintenance budget for a minimum of 2 years',
O,'The product shall be expected to operate within the maximum maintenance budget for a minimum of 2 years',
O,'All aspects of the website shall be accessed by a web browser over the Internet',
O,'The same hardware supporting the current website will be used to support the new system',
PO,'The same hardware supporting the current website will be used to support the new system',
O,'We must be able to interface with the following browsers: IE 5X 60 Netscape 6x 7x 8x and Firefox 10',
O,'Website must interface with the CyberSource API to process credit card transactions',
O,'Website must be fully operational with MSN TV2',
O,'Movies shall be encoded and streamed via Windows Media Player 90',
O,'Movies shall be encoded for 56k and 256k streams',
MN,'Promotional updates to the website should take a day to update',
US,'Promotional updates to the website should take a day to update',
LF,'Izogn Administrator must be able to update the category listings on the website within 2 minutes',
PE,'Izogn Administrator must be able to update the category listings on the website within 2 minutes',
US,'Izogn Administrator must be able to update the category listings on the website within 2 minutes',
LF,'Izogn Administrator must be able to add new products to the website within 2 minutes',
PE,'Izogn Administrator must be able to add new products to the website within 2 minutes',
US,'Izogn Administrator must be able to add new products to the website within 2 minutes',
A,'The system will provide a 24 hour 800 toll free number for support to its customers',
A,'Velkat staff will be available for phone support between 7am-7pm M-F to provide technical support to the Izogn administrators',
O,'The product shall be able to be installed in the specified environment within 1 working day',
SE,'Only registered customers can purchase streaming movies',
L,'A customer can only stream a movie if they purchased it and are within the 2 day viewing period',
SE,'A customer can only stream a movie if they purchased it and are within the 2 day viewing period',
SE,'Only authorized personnel can access customer records in the database',
SE,'Only administrators can activate a pre-paid card',
SE,'Only authorized personnel can access sales information',
FT,'The website shall prevent its data from being corrupted when incorrect data is entered in',
SE,'The website shall prevent its data from being corrupted when incorrect data is entered in',
MN,'The website shall protect itself from intentional abuse and notify the administrator at all occurrences',
SE,'The website shall protect itself from intentional abuse and notify the administrator at all occurrences',
MN,'Data integrity scripts will be run on a weekly basis to verify the integrity of the database',
SE,'Data integrity scripts will be run on a weekly basis to verify the integrity of the database',
SE,'The website shall make its user aware of its information practices before collection data from them via a Privacy Policy accessible on all pages of the website',
US,'The website shall make its user aware of its information practices before collection data from them via a Privacy Policy accessible on all pages of the website',
L,The system shall reveal private information only in compliance with the organization's information policy',
SE,The system shall reveal private information only in compliance with the organization's information policy',
SE,'All customer information will be stored on a secure database accessible only to authorized personnel',
SE,'All credit card information will be encrypted in the database',
SE,'The streaming server will have anti-virus software to prevent infection of malicious viruses',
LF,'The website should cater to all tribes in Nigeria',
US,'The website should cater to all tribes in Nigeria',
LF,'The website shall not be offensive to religious or ethnic groups',
LF,'The website should appeal to all Africans not only Nigerians',
LF,'The website should use Flash to provide animation on the home page',
O,'The website should use Flash to provide animation on the home page',
L,'IzognMovies shall meet the licensing requirements set forth by the appropriate organizations in order to stream African movies',
L,'The website will comply with W3C standards',
SE,'The website will comply with W3C standards',
L,'The PHP code will comply with PEAR standards',
SE,'The PHP code will comply with PEAR standards',
A,'All streaming movie sales will be logged in the database and accessible by the administrator',
MN,'Daily usage statistics should be logged and accessible by the administrator',
A,'The owner shall have free access to all of the streaming movies',
SE,'The owner shall have free access to all of the streaming movies',
US,'The owner shall have free access to all of the streaming movies',
A,'Total lead cycle time must be completed in 5 minutes for 90% of lead volume between the business hours of 8AM CST to 8PM CST; then 3 minutes for 99% of lead volume during off business hours',
PE,'Total lead cycle time must be completed in 5 minutes for 90% of lead volume between the business hours of 8AM CST to 8PM CST; then 3 minutes for 99% of lead volume during off business hours',
A,'No lead evaluation will complete in a time period longer than 25 seconds for 97% of all leads processed',
PE,'No lead evaluation will complete in a time period longer than 25 seconds for 97% of all leads processed',
PE,'The process must fit within the processing time conditions set forth by the Auto Rep Assignment process in which a lead is assigned within 3 minutes of the total life cycle',
O,'The lead washing process will operate within the established physical web service structure',
O,'The washing process must use a non binding neutral data format such as xml when receiving and processing lead data',
A,'Defect reports will be available to technical units on a 24x7 basis',
FT,'Defect reports will be available to technical units on a 24x7 basis',
MN,'Washing parameters will be updated during scheduled maintenance hours',
LF,'The product shall simulate the look of ships at sea',
LF,'The product shall display the grids within a circle as a view from a periscope',
LF,'The product shall display each type of ship in a grid using an image of the specific type of ship',
LF,'When the offensive player takes a shot the product shall simulate the sound of a ship at sea',
LF,'When a shot is marked as a miss the product shall simulate the sound of a shot missing its target',
LF,'When a shot is marked as a hit the product shall simulate the sound of a shot hitting its target',
LF,'When a ship is sunk the product shall simulate the sound of a sinking ship',
A,'The product shall be available 24 hours per day seven days per week',
PE,'The product shall able to handle a large number of games simultaneously',
SC,'The product shall able to handle a large number of games simultaneously',
PE,'The response time shall be fast enough to maintain the flow of the game The response time shall be no more than 2 seconds for 95% of responses and no more than 4% for the remaining responses',
SE,'The product shall protect the identity of the players The product shall provide players no access to information that might reveal the identity of another player',
US,'The product shall be intuitive and self-explanatory Nine out ten users shall be able to successfully complete a game with no training',
US,'The product shall be available to players who understand English Spanish and French The product shall allow the user to select the language upon accessing the product',
SE,'The product shall provide players no access to information that might reveal the identity of another player',
PE,The system shall be easy to use by callers and supervisors Callers and supervisors must be able to accomplish any system task within 2 minutes',
US,The system shall be easy to use by callers and supervisors Callers and supervisors must be able to accomplish any system task within 2 minutes',
US,The system shall be easy to learn by callers and supervisors Callers and supervisors shall learn how to use the system within 10 minutes',
PE,The system shall be responsive At the DePaul TeleServices Center when a supervisor uses the system to view a callers schedule the system response time must be no more than 2 seconds 90% of the time and no more than 5 seconds the rest of the time',
US,The system shall be responsive At the DePaul TeleServices Center when a supervisor uses the system to view a callers schedule the system response time must be no more than 2 seconds 90% of the time and no more than 5 seconds the rest of the time',
A,On a 56k connection the system response time for all operations must be no more than 6 seconds 90% of the time',
PE,On a 56k connection the system response time for all operations must be no more than 6 seconds 90% of the time',
A,On a 112k connection or faster the system response time for all operations must be no more than 3 seconds 90% of the time',
PE,On a 112k connection or faster the system response time for all operations must be no more than 3 seconds 90% of the time',
A,The system shall have high availability every day of the yearThe system must be available for use between 12:00AM and 6:00PM all days of the year',
A,The system must be available for use between 7:00AM and 11:59PM all days of the year',
PO,The product shall be internet browser independentThe product must run using Internet Explorer and Netscape Navigator',
SE,The product shall ensure that only supervisors can advertise empty time slotsThe product must ensure that supervisors are allowed to access advertise empty time slots',
SE,The product shall ensure that only supervisors can enter a caller's scheduleThe product must ensure that supervisors are allowed to access advertise empty time slots',
SE,The product shall ensure that only supervisors can view schedule of all callersThe product must ensure that supervisors are allowed to access advertise empty time slots',
LF,The interface shall have a simple look In the interface and usability survey 90% of beta testers must report that the interface is adequately simple',
LF,The interface shall be appealing to callers and supervisors In the interface and usability survey 80% of beta testers must report that the interface is appealing',
PE,The interface shall be appealing to callers and supervisors In the interface and usability survey 80% of beta testers must report that the interface is appealing',
MN,'The product shall provide GUI based Monitoring ServicesSystem Administrators shall monitor message exchanges will predict and determine problems and will also provide internal and external support',
O,'The product shall provide GUI based Monitoring ServicesSystem Administrators shall monitor message exchanges will predict and determine problems and will also provide internal and external support',
L,'The product shall comply with City of Chicago Application Development Guide FrameworkApplication Development Framework will provide structured Graphical User Interface',
LF,'The product shall comply with City of Chicago Application Development Guide FrameworkApplication Development Framework will provide structured Graphical User Interface',
US,'The product shall provide Monitoring ServicesThe product shall be easy for System Administrators and DBAs to use after two weeks of usage',
FT,'The product shall provide Error Tracking ServicesThe product shall help the System Administrators and DBAs to resolve transaction errors 99% of the time',
MN,'The product shall provide Error Tracking ServicesThe product shall help the System Administrators and DBAs to resolve transaction errors 99% of the time',
US,'The product shall provide Error Tracking ServicesThe product shall help the System Administrators and DBAs to resolve transaction errors 99% of the time',
US,'The product shall provide PortalsThe product shall help System Administrators to analyze the transactions with ad-hoc reporting and KPIs (Key Performance Indicators)',
PE,'The product shall provide Asynchronous MessagingThe product shall provide asynchronous messaging to enable parallel processing and reduce the overhead in communications',
US,'The product shall provide Asynchronous MessagingThe product shall provide asynchronous messaging to enable parallel processing and reduce the overhead in communications',
PE,'The product shall provide Multi-threading and Load BalancingThe product shall provide multi-threading technology as well as load balancing to overcome data load spikes and traffic',
SC,'The product shall provide Multi-threading and Load BalancingThe product shall provide multi-threading technology as well as load balancing to overcome data load spikes and traffic',
US,'The product shall provide Multi-threading and Load BalancingThe product shall provide multi-threading technology as well as load balancing to overcome data load spikes and traffic',
PE,'The product shall process messages within 2 secondsThe product shall have a maximum message processing time of 2 seconds',
PE,'The product shall poll the system for messages every secondThe product shall poll the system for new messages at a maximum of every 1 second',
FT,'The product shall provide Dynamic Change Support and Transparent resource additionThe product shall support Transparent Resource addition and Dynamic Change support to provide scalability and avoid service interruptions of more than 1 day',
SC,'The product shall provide Dynamic Change Support and Transparent resource additionThe product shall support Transparent Resource addition and Dynamic Change support to provide scalability and avoid service interruptions of more than 1 day',
A,'The product shall be available 99% of the time Rationale: To avoid service interruption during busiest customer service response periods The product shall be available 9999% of the time for regular business days',
FT,'The product shall be robustThe product shall have fault avoidance based on standards adoption',
PE,'The product shall be robustThe product shall have fault avoidance based on standards adoption',
FT,'The product shall be robust with fault toleranceThe product shall have fault tolerance by using recovery technique compensatory transaction and routing around failures',
PE,'The product shall be able to process all transactionsThe product shall process minimum of 1 million transactions per year',
SC,'The product shall be able to process all transactionsThe product shall process minimum of 1 million transactions per year',
O,'The product shall be platform independentThe product shall enable access to any type of development environment and platform',
PO,'The product shall be platform independentThe product shall enable access to any type of development environment and platform',
O,'The product shall interface CSR and DatastreamThe product shall exchange messages between CSR and EAM on a real time basis without any direct interfaces between two systems',
MN,': The product shall continue to operate during upgrade change or new resource additionThe product shall be able to continue to operate with no interruption in service due to new resource additions',
PO,': The product shall continue to operate during upgrade change or new resource additionThe product shall be able to continue to operate with no interruption in service due to new resource additions',
MN,'The product shall be updated on a regular basisThe product will have a new major feature introduced every six months and quarterly maintenance releases every six months',
MN,'The product shall operate with every platformThe product shall accommodate any new technology without any change in its architecture',
PO,'The product shall operate with every platformThe product shall accommodate any new technology without any change in its architecture',
SE,'The product shall have securityThe product shall provide authentication and authorization',
SE,'The product shall information Security The product shall enable privacy by encryption WS-Security and Integrity Checking',
SE,'The product shall have audit capabilitiesThe product shall store messages for a minimum of one year for audit and transaction tracking purposes',
LF,'The system shall use IBM and CCR branding standards The interface must have one IBM logo and one CCR logo',
LF,'The system shall be displayable on any work computer a CCR user may have The system interface shall be formatted to display at 800 by 600 pixel resolution',
PO,'The system shall be displayable on any work computer a CCR user may have The system interface shall be formatted to display at 800 by 600 pixel resolution',
LF,'The system interface will use CCR nomenclature The system must use the same nomenclature used in the existing WCS system and reports',
LF,The interface must summarize the data in a fashion that's appealing to CCR management Every report type must have at least one high level summary shown in the results dashboard/interface',
LF,'The system must use a point and click interface 100% of all selection and navigation functionality must be able to be activated/selected by either a mouse or a keyboard',
US,'The system must use a point and click interface 100% of all selection and navigation functionality must be able to be activated/selected by either a mouse or a keyboard',
LF,'The interface shall be easy to use 90% of users should be able to successfully use the system to generate a report on their first use The interface should adhere to IBM usability standards',
US,'The interface shall be easy to use 90% of users should be able to successfully use the system to generate a report on their first use The interface should adhere to IBM usability standards',
O,Reports must be easy to generate Reports must be generated within one button click and exported within one button click (after selecting the report)',
US,Reports must be easy to generate Reports must be generated within one button click and exported within one button click (after selecting the report)',
US,'A user shall be able to use the system without instruction after a short amount of time After one use a user should understand and remember 90% of the system usage and navigation',
L,'The WCS system shall use appropriate nomenclature and terminology as defined by the Corporate Community Grants organization All interfaces and reports will undergo usability tests by CCR users',
LF,'The WCS system shall use appropriate nomenclature and terminology as defined by the Corporate Community Grants organization All interfaces and reports will undergo usability tests by CCR users',
US,'The WCS system shall use appropriate nomenclature and terminology as defined by the Corporate Community Grants organization All interfaces and reports will undergo usability tests by CCR users',
A,The WCS system shall be available at all times as long as IBM's internal intranet W3 is accessible The WCS system will be available 95% of the time IBM's internal intranet W3 is available',
PO,'The WCS system shall have the ability to connect other designated WCS databases currently not included in the system',
SC,'The WCS system shall have the ability to connect other designated WCS databases currently not included in the system',
SC,'The WCS system shall have the ability to include data for regions outside the United States and be accessed by users outside of the United States if approved by CCR management',
US,'The WCS system shall have the ability to include data for regions outside the United States and be accessed by users outside of the United States if approved by CCR management',
O,'The WCS system shall be run in a Windows environment The WCS shall be accessed by users through the Internet on an IBM computer running a Windows 2000 or above operating system',
PO,'The WCS system shall be run in a Windows environment The WCS shall be accessed by users through the Internet on an IBM computer running a Windows 2000 or above operating system',
LF,'The Brio portion of the WCS system must be able to export files in spreadsheet form (Microsoft Excel and Lotus 1-2-3 formats) Brio will provide buttons in the user interface that produce/export reports in xls or 123 file formats',
O,'The Brio portion of the WCS system must be able to export files in spreadsheet form (Microsoft Excel and Lotus 1-2-3 formats) Brio will provide buttons in the user interface that produce/export reports in xls or 123 file formats',
FT,'The WCS system must run queries to the WCS databases once again (on a specified day) to update the available data available to CCR users Queries must be made to external databases for data refresh once a week',
MN,'The WCS system must run queries to the WCS databases once again (on a specified day) to update the available data available to CCR users Queries must be made to external databases for data refresh once a week',
MN,'All changes updates and additions to the WCS system shall be updated in the WCS Developer and WCS User Guides Every change must be reflected in WCS system documentation',
SE,'The system shall only be accessed by authorized Corporate Community Grants (CCR) employees Users must be authenticated using their IBM intranet user name and password',
SE,The WCS system shall not allow automatic logins by any user Cookies containing WCS login information about a user will not be stored on a user's computer',
SE,Each team owner will need to use a username and password in order to be authenticated to reach the team owner's page',
L,'The Commissioner will be the only authorized user per league to adjust league settings',
SE,'The Commissioner will be the only authorized user per league to adjust league settings',
LF,'Each page shall contain a navigation menu which shows the index into which the current page is contained',
LF,'Each page shall contain a similar format with action items in one location and navigation buttons in a different location',
US,'Each page shall contain a similar format with action items in one location and navigation buttons in a different location',
LF,'A new user shall be able to navigate through the league and team pages within 30 seconds of reaching the start-up page',
PE,'A new user shall be able to navigate through the league and team pages within 30 seconds of reaching the start-up page',
US,'A new user shall be able to navigate through the league and team pages within 30 seconds of reaching the start-up page',
LF,"Users shall be able to reach the 'add' , drop',  and 'trade player' pages with one click from the team owner's page'",
US,"Users shall be able to reach the 'add' , drop',  and 'trade player' pages with one click from the team owner's page'",
PE,'Users shall be able to view at least 25 NFL player statistics and points on each page',
A,'The application shall be able to complete every user transaction within one fourth of a second of receiving the request over the network',
PE,'The application shall be able to complete every user transaction within one fourth of a second of receiving the request over the network',
A,'The application shall have a downtime of at most 10 minutes per year',
O,'The application shall run on a web application server',
MN,'A primary database will be used to store cached data for active users',
O,'A primary database will be used to store cached data for active users',
MN,'A secondary database will be used to store historical statistics and data',
O,'A secondary database will be used to store historical statistics and data',
MN,'Application updates shall occur between 3AM and 6 AM CST on Wednesday morning during the middle of the NFL season',
MN,'New System version releases shall be released at the beginning of each NFL season',
A,'The RFS system should be available 24/7 especially during the budgeting period The RFS system shall be available 90% of the time all year and 98% during the budgeting period 2% of the time the system will become available within 1 hour of the time that the situation is reported',
FT,'The RFS system should be available 24/7 especially during the budgeting period The RFS system shall be available 90% of the time all year and 98% during the budgeting period 2% of the time the system will become available within 1 hour of the time that the situation is reported',
PE,'The RFS system should be available 24/7 especially during the budgeting period The RFS system shall be available 90% of the time all year and 98% during the budgeting period 2% of the time the system will become available within 1 hour of the time that the situation is reported',
O,'98% of the user workstations shall meet the minimum hardware requirements prior to implementation Minimum Hard Disk Space: 400MB',
O,'98% of the user workstations shall meet the minimum software requirements prior to implementation: Microsoft Internet Explorer 50 Microsoft NET Framework 11 Microsoft Internet Explorer Web Controls',
O,The RFS system should be able to easily interface with the BDW environment in order to load the data Seven data files shall be received from the BDW and loaded into the RFS system within 3 hours one day prior to the start of budgeting process every year The data will be as of October month-end Test files (7) shall be loaded up to 5 times throughout the year from the BDW',
PE,The RFS system should be able to easily interface with the BDW environment in order to load the data Seven data files shall be received from the BDW and loaded into the RFS system within 3 hours one day prior to the start of budgeting process every year The data will be as of October month-end Test files (7) shall be loaded up to 5 times throughout the year from the BDW',
L,'Changes to revenue and expense formulae must be applied to the RFS system every year prior to the budgeting process start Revenue and expense formulae will be updated within one week of their receipt after which 2 weeks will be allotted to testing of the budget calculations to be conducted jointly by the project development team and PCG Finance',
MN,'Changes to revenue and expense formulae must be applied to the RFS system every year prior to the budgeting process start Revenue and expense formulae will be updated within one week of their receipt after which 2 weeks will be allotted to testing of the budget calculations to be conducted jointly by the project development team and PCG Finance',
A,'New branches/complexes/districts/regions and revenue/expense accounts added to the BDW must be reflected in the RFS system 100% of the entities (mentioned above) available as of October month-end will be loaded into the RFS system prior to the budget start process',
MN,'New branches/complexes/districts/regions and revenue/expense accounts added to the BDW must be reflected in the RFS system 100% of the entities (mentioned above) available as of October month-end will be loaded into the RFS system prior to the budget start process',
SE,'Only authorized user shall access the RFS system ONLY users that exist in the UAS system with the RFS system assigned to their role(s) shall access the RFS system and use it',
SE,User access should be limited to the permissions granted to their role(s) Each level in the PCG hierarchy will be assigned a role and users will be assigned to these roles Access to functionality within RFS system is dependent on the privileges/permission assigned to the role',
L,'The product must comply with the intranet page standards and requirements of ENET Securities 95% of the product look & feel will be approved by the Architecture group prior to implementation The remaining 5% will be corrected and approved within one month of product release',
LF,'The product must comply with the intranet page standards and requirements of ENET Securities 95% of the product look & feel will be approved by the Architecture group prior to implementation The remaining 5% will be corrected and approved within one month of product release',
LF,'The intranet pages should display appropriately in all resolutions from 800x600 and higher The display of all the pages will be correct in 95% of the resolutions prior to implementation The remaining 5% will be corrected within a week of notification of the incorrect display',
US,'The users should be able to easily use the system to successfully complete their budgets within the stipulated time for completion With a week of training prior to product implementation 98% of the users shall complete their budgets within the stipulated time',
A,'The product interface should be fast The response time of the product interface should not exceed 2 seconds 90% of the time For 10% of the time the response time should not be more than 10 secondsnot be more than 10 seconds',
PE,'The product interface should be fast The response time of the product interface should not exceed 2 seconds 90% of the time For 10% of the time the response time should not be more than 10 secondsnot be more than 10 seconds',
PE,"The system must provide a fast and efficient parsing process, under 2 seconds",
PE,CV parsing speed must be optimized to under 2 seconds,
PE,System should respond in less than 1 second,
PE,System performance can vary under load,
PE,Performance is not critical for this system,
PE,System should process 1000 transactions per second,
PE,The application must load the dashboard in under 2 seconds,
PE,The response time for any API call should not exceed 500 milliseconds,
PE,"The system must support 10,000 concurrent users without degradation",
PE,Reports should be generated within 3 seconds after user request,
PE,System performance must remain stable under heavy traffic conditions,
PE,Database queries should execute in less than 200ms,
PE,The server must maintain uptime of 999% with minimal latency,
PE,Performance is not a primary concern for this application,
PE,System may take up to 30 seconds to complete background tasks,
PE,Response time under load may exceed 10 seconds,
PE,Batch processing may take several minutes to complete,
PE,System is expected to run on a single-user mode with minimal performance requirements,
PE,Delays in data retrieval are acceptable for this prototype version,
PE,The system must be highly responsive and efficient,
PE,Application speed is a top priority,
PE,System should perform operations instantly,
PE,Users should experience no lag while using the system,
PE,Performance must be optimized for quick user interaction,
PE,System performance may vary depending on network speed,
PE,Response time might fluctuate during peak hours,
PE,Performance depends on the size of the data being processed,
PE,Application speed may differ across hardware configurations,
PE,System performance can vary under heavy load,
PE,The system might slow down when multiple background jobs are running,
PE,Performance may depend on available system resources,
PE,Response times may differ based on concurrent user activity,
PE,System speed may vary when accessing remote servers,
PE,The system can take up to 30 seconds to complete operations,
PE,Delays in processing are acceptable for background tasks,
PE,Batch jobs may take several minutes to complete,
PE,"System performance may degrade during high traffic, which is acceptable",
PE,Fast response time is not a key requirement,
PE,System may take noticeable time to start up,
PE,Performance tuning will be addressed in future releases,
PE,The system can generate reports within 50 seconds,
PE,Minor delays are acceptable for non-critical processes,
PE,The prototype version may have reduced performance,
PE,The system must respond in less than 1 second for all user actions,
PE,API calls should return results within 500 milliseconds,
PE,Dashboard should load in under 2 seconds even under peak load,
PE,Database queries must execute within 100ms,
PE,"System should handle at least 10,000 concurrent requests per minute",
PE,The parsing module should process a CV in less than 2 seconds,
PE,The application should have minimal latency under heavy usage,
PE,Users must experience instant feedback when performing actions,
PE,The system shall process 1000 transactions per second,
PE,Performance optimization is critical to meet user expectations,
PE,System must remain responsive during high network traffic,
PE,Processing time for any operation must not exceed 1 second,
PE,Application must run smoothly even with large datasets,
PE,The server should maintain a latency below 100 ms,
PE,The API should scale efficiently without performance degradation,
PE,Real-time analytics must be delivered within 2 seconds,
PE,Performance should not degrade as concurrent users increase,
PE,Application startup time should be less than 3 seconds,
PE,System must provide a consistent response time of under 2 seconds,
PE,The user interface must react instantly to user input,
PE,System performance may depend on data size and hardware resources,
PE,Response time may vary depending on concurrent users,
PE,Performance can fluctuate based on network conditions,
PE,The application may slow down during peak hours,
PE,Processing time may increase with complex data,
PE,System performance might change with heavy background tasks,
PE,Performance depends on system configuration and environment,
PE,The system may temporarily degrade under high load,
PE,Response time varies depending on server workload,
PE,Processing speed may differ across user devices,
PE,System throughput may decrease when handling large files,
PE,Performance may vary depending on database size,
PE,Application speed depends on available memory and CPU,
PE,Response time might fluctuate when using external APIs,
PE,System latency may vary based on connection quality,
PE,Performance depends on concurrent read/write operations,
PE,The system may show slower response during maintenance,
PE,Performance might be reduced on mobile devices,
PE,Throughput may change depending on server load,
PE,Performance is not a primary concern for this prototype,
PE,Delays in response are acceptable for background processes,
PE,System may take up to 30 seconds to start,
PE,Response time exceeding 10 seconds is acceptable for this phase,
PE,The application can tolerate delays during data import,
PE,Speed optimization is not required for the current version,
PE,Minor lag is acceptable during peak usage,
PE,The system may take noticeable time to complete operations,
PE,Performance tuning will be addressed in future updates,
PE,Prototype version may have reduced speed and responsiveness,
PE,System may take several seconds to load reports,
PE,Long response times are acceptable for non-critical modules,
PE,Application speed is not a key requirement,
PE,Data refresh delays are tolerable for testing environment,
PE,Performance degradation is acceptable under heavy computation,
PE,System may perform slower under heavy data processing,
PE,Execution delays are permissible for scheduled jobs,
PE,Background jobs can run for several minutes without issue,
PE,User interaction speed is not critical for internal tools,
SE,System must use strong encryption and authentication,
SE,"The system shall display a warning to the user after 30 minutes of inactivity, but no automatic logout or session termination is enforced",
SE,"The system shall require users to create passwords with at least 8 characters, including uppercase, lowercase, and numeric digits Passwords must be stored using basic hashing, but no multi-factor authentication is required",
SE,Basic password protection is sufficient,
SE,All user data must be encrypted in transit and at rest,
SE,The system must implement multi-factor authentication for all users,
SE,Sensitive information must be protected using strong encryption standards,
SE,Access to the system should be role-based and audited regularly,
SE,The application must comply with GDPR and ISO 27001 standards,
SE,Only authorized personnel can access confidential data,
SE,System must detect and prevent unauthorized access attempts,
SE,Passwords must be stored using strong hashing algorithms like bcrypt,
SE,The system should include intrusion detection and prevention mechanisms,
SE,Security patches must be applied immediately after release,
SE,All API endpoints must use HTTPS and JWT-based authentication,
SE,The system must support automatic logout after inactivity,
SE,Regular penetration testing must be performed,
SE,The application must implement end-to-end encryption for user communication,
SE,Security level may vary depending on user role,
SE,The system uses HTTPS but not all data is encrypted at rest,
SE,Authentication is required for critical features only,
SE,Security updates are applied periodically,
SE,Data encryption is optional based on user preferences,
SE,Some components rely on third-party security mechanisms,
SE,Access control policies depend on deployment configuration,
SE,The system enforces strong passwords but lacks two-factor authentication,
SE,Audit logs are maintained for admin users only,
SE,Security is ensured for production environments but limited in testing,
SE,Network security depends on external firewall configuration,
SE,Encryption is used for selected data fields only,
SE,The system does not require user authentication,
SE,Data encryption is not mandatory,
SE,Security is not a critical concern for this prototype,
SE,Users can access the system without login,
SE,The system does not implement access control,
SE,No encryption is applied to stored data,
SE,Public access is allowed to all system information,
SE,Security patches can be applied manually when needed,
SE,Authentication and authorization are not enforced,
SE,System logs are not protected or audited,
SE,Communication between services is not secured,
SE,The system relies on users to manage their own security settings,
SE,Security validation is optional during deployment,
SE,System must automatically lock accounts after multiple failed login attempts,
SE,Sensitive user data such as passwords and tokens must never be logged,
SE,All database connections must use secure SSL/TLS encryption,
SE,The system must sanitize all user inputs to prevent SQL injection,
SE,Security configuration must be reviewed and approved before deployment,
SE,Access logs must be encrypted and retained for 90 days,
SE,Session management must prevent reuse of expired tokens,
SE,Cross-site scripting and CSRF attacks must be prevented using appropriate headers,
SE,System should block IPs after suspicious activity is detected,
SE,Application must validate SSL certificates of external services,
SE,The platform must include continuous monitoring for security breaches,
SE,"All credentials must be stored securely using environment variables, not hardcoded",
SE,The system must enforce password complexity requirements,
SE,All API keys must be rotated periodically for enhanced security,
SE,Administrators must receive alerts when unauthorized access attempts occur,
SE,Security incidents must be logged and reported automatically,
SE,Users must reauthenticate before performing critical actions,
SE,The application must not expose stack traces or sensitive errors to end-users,
SE,Data backup files must be encrypted before storage,
SE,Access to encryption keys must be restricted to authorized administrators only,
SE,Two-factor authentication is required for admin accounts but optional for users,
SE,System may log non-sensitive user actions without encryption,
SE,Security audit frequency depends on customer contract level,
SE,The system may allow weaker encryption for backward compatibility,
SE,"Some modules use secure authentication, while legacy ones do not",
SE,Security controls differ between cloud and on-premise deployments,
SE,Encryption is enabled only for paid plans,
SE,Security configuration may vary by tenant in multi-tenant systems,
SE,Only critical APIs require token-based authentication,
SE,System allows temporary password sharing for support purposes,
SE,Security scans are performed quarterly instead of monthly,
SE,External dependencies may not always follow latest security practices,
SE,Firewall rules are applied inconsistently across regions,
SE,Encryption keys are shared between development and staging environments,
SE,System does not include any authentication mechanism,
SE,User passwords can be stored in plain text,
SE,The prototype has no active security checks,
SE,Users are allowed to use weak passwords such as '1234',
SE,The system allows access over HTTP instead of HTTPS,
SE,No restrictions are placed on failed login attempts,
SE,Sensitive API keys are visible in the frontend code,
SE,There are no monitoring or alerting mechanisms for security incidents,
SE,Encryption is completely disabled for development builds,
SE,Access control policies are not implemented,
SE,Security updates are applied manually and infrequently,
SE,No input validation is performed on form data,
SE,Cross-site scripting protection is not enabled,
SE,User sessions never expire automatically,
SE,No data masking is used for sensitive fields like credit cards,
SE,System does not verify identity for password reset requests,
SE,Security awareness training is not conducted for staff,
SE,The application accepts self-signed certificates without validation,
SE,Log files may contain sensitive information without protection,
MN,System architecture should be modular to simplify updates,
MN,Code should be well-documented and follow standard naming conventions,
MN,The system must allow easy modification of existing features,
MN,Developers should be able to add new modules with minimal code changes,
MN,Application should support plug-and-play components for future extensions,
MN,All modules must be independent and loosely coupled,
MN,The system should allow configuration changes without code modification,
MN,Maintenance tasks should require minimal downtime,
MN,The system must support automated testing and deployment,
MN,All code changes should be traceable through version control,
MN,Documentation and design diagrams must be regularly updated,
MN,System must enable quick bug fixes with minimal impact on other components,
MN,The architecture should allow future technology upgrades easily,
MN,Maintenance effort may vary depending on system complexity,
MN,The ease of maintenance depends on the developer's experience,
MN,Code maintainability may differ across modules,
MN,Some components are easier to update than others,
MN,System maintainability can vary based on documentation quality,
MN,Maintenance time may depend on the size of the data being processed,
MN,Maintainability might be affected by third-party dependencies,
MN,System maintainability may differ between releases,
MN,Maintenance effort can fluctuate with changes in system load,
MN,System modifications require significant developer effort,
MN,The codebase is complex and hard to understand,
MN,Making changes in one module often breaks other components,
MN,The system lacks sufficient documentation for maintenance,
MN,Adding new features requires rewriting large parts of the code,
MN,The application structure is tightly coupled and not modular,
MN,Maintenance tasks often cause long downtime periods,
MN,Bug fixing requires deep knowledge of the entire system,
MN,Updating system configurations requires manual code edits,
MN,Refactoring the system is difficult due to poor design,
MN,The system is not easily adaptable to new requirements,
MN,System should provide a modular microservices architecture to simplify maintenance,
MN,Each service should have a clear API boundary for independent updates,
MN,System should use dependency injection to improve maintainability,
MN,Automated CI/CD pipelines must ensure consistent build and release processes,
MN,The application should support configuration through environment variables,
MN,Code reviews are mandatory for every change to maintain quality,
MN,The codebase should follow clean architecture principles for easier maintenance,
MN,System logs and metrics should assist in identifying maintenance issues quickly,
MN,Every module should include unit and integration tests for safe refactoring,
MN,System should allow rolling updates with zero downtime,
MN,Maintenance scripts must be automated and version-controlled,
MN,Architecture must separate business logic from presentation for flexibility,
MN,The system must provide developer-friendly error reporting,
MN,Documentation should be automatically generated from the source code,
MN,System configuration must be externalized to avoid code changes during updates,
MN,The system should support modular versioning for independent updates,
MN,The platform must use containerization for maintainable deployments,
MN,"System should use design patterns that encourage maintainable code (eg, MVC, Repository)",
MN,The source control must track all code changes with commit history,
MN,Error logs should include sufficient context for debugging issues efficiently,
MN,Maintainability depends on the frequency of updates and release cycles,
MN,Some legacy modules require more effort to maintain than modern ones,
MN,Refactoring cost may differ depending on the module complexity,
MN,"Ease of maintenance varies between environments (test, staging, production)",
MN,System updates might occasionally require downtime during peak hours,
MN,Maintenance depends on the level of technical debt accumulated over time,
MN,Documentation quality varies across teams and modules,
MN,The maintainability score may change after system expansion,
MN,Code complexity increases slightly with new feature additions,
MN,Ease of bug fixing depends on how well the logging is implemented,
MN,Automated tests cover most but not all of the codebase,
MN,Maintainability is moderate due to partial modularity,
MN,The system is partially refactorable but lacks a clear layer separation,
MN,Some configuration files still require manual editing during maintenance,
MN,The maintainability depends on the responsiveness of the support team,
MN,The ease of making changes varies depending on the deployment environment,
MN,"The system lacks any form of automated testing, making changes risky",
MN,"Codebase uses hard-coded values, reducing maintainability",
MN,There is no modular separation; everything is in a single code file,
MN,Developers find it difficult to locate specific functionality in the code,
MN,No version control system is used to track changes,
MN,The system requires full redeployment for minor updates,
MN,"Documentation is missing or outdated, making maintenance difficult",
MN,Error handling is inconsistent across modules,
MN,There is heavy code duplication throughout the project,
MN,Refactoring the system introduces frequent regressions,
MN,"No clear architecture is followed, leading to maintenance chaos",
MN,All configuration is embedded directly into source code,
MN,"The code lacks comments, making it hard for new developers to contribute",
MN,System maintenance requires full system restart each time,
MN,Third-party libraries are outdated and hard to upgrade,
MN,There is no separation between logic and presentation layers,
MN,Developers must manually test the system after every update,
MN,Maintenance depends entirely on one developer's knowledge,
MN,The architecture is too rigid to allow any structural changes,
MN,Legacy code prevents easy adaptation to new frameworks,
SC,The system must support an increasing number of users without performance degradation,
SC,The architecture should allow horizontal scaling across multiple servers,
SC,"Application should handle growth from 1,000 to 100,000 users seamlessly",
SC,System must be designed to handle large volumes of data efficiently,
SC,The infrastructure should support cloud-based auto-scaling,
SC,The system must scale dynamically with workload changes,
SC,Adding new servers should not require system downtime,
SC,Database architecture must support partitioning and replication for scalability,
SC,The system should maintain stable performance as the number of users doubles,
SC,The design should support future expansion of services and features,
SC,Application components should be stateless to support scaling,
SC,System must handle increased data processing with minimal latency,
SC,The platform must efficiently scale to accommodate spikes in traffic,
SC,System scalability may depend on the hardware configuration,
SC,Performance might vary as the number of users increases,
SC,Scalability may be limited by third-party service constraints,
SC,System can scale up to a certain number of concurrent users,
SC,Application scalability depends on available network bandwidth,
SC,The system scales efficiently under moderate but not heavy load,
SC,Database scalability depends on query optimization,
SC,System performance may fluctuate during peak usage,
SC,The platform supports scaling but may require manual configuration,
SC,The system cannot handle a significant increase in users,
SC,Scaling the system requires major code changes,
SC,The system performance drops significantly as data size grows,
SC,Application does not support adding servers dynamically,
SC,System is designed for a fixed number of users only,
SC,Scalability is not a priority for this release,
SC,The database cannot handle large-scale data expansion,
SC,The system is not optimized for distributed environments,
SC,Increasing load causes long response times and system failures,
SC,Adding new components requires system downtime,
SC,The application struggles to handle concurrent requests,
SC,System must support both vertical and horizontal scaling strategies,
SC,Architecture should allow deployment on distributed clusters,
SC,The platform must utilize load balancers to distribute traffic evenly,
SC,Application must automatically scale out when CPU utilization exceeds 80%,
SC,System must support multi-region deployment for global scalability,
SC,The infrastructure should enable container-based scaling using Kubernetes or Docker Swarm,
SC,Scalability testing must confirm the system can support a tenfold user increase,
SC,Caching layers must be implemented to enhance scalability under load,
SC,System should scale compute and storage independently,
SC,The architecture should be service-oriented to enable scaling of individual components,
SC,Cloud infrastructure must allow on-demand provisioning of new instances,
SC,System should utilize asynchronous processing for scalable background jobs,
SC,Application must maintain consistent response time under scaling conditions,
SC,System must maintain high throughput even as concurrent sessions increase,
SC,Each service should be deployable independently to improve scalability,
SC,System must support event-driven scaling using message queues,
SC,Infrastructure must monitor and adjust resources automatically based on usage trends,
SC,System must handle burst traffic during peak hours without performance loss,
SC,Architecture should allow modular scaling of storage and compute resources,
SC,System should support sharding to distribute large datasets efficiently,
SC,The system can scale efficiently under predictable workloads but struggles with sudden spikes,
SC,Some modules scale better than others due to design differences,
SC,System scalability depends on available server resources,
SC,Application scales up effectively but not down automatically,
SC,"The database supports horizontal scaling, but the API layer does not",
SC,System can handle scaling but requires manual load balancing,
SC,Scalability performance varies with the type of workload processed,
SC,The architecture partially supports scaling but has bottlenecks in I/O operations,
SC,System can scale effectively during business hours but not overnight jobs,
SC,Some components require redeployment to achieve scaling,
SC,Scalability depends on network latency between distributed nodes,
SC,The system supports scaling under moderate traffic only,
SC,Scalability performance changes based on caching strategy,
SC,Auto-scaling is available but with delayed response time,
SC,The system can handle limited concurrent connections efficiently,
SC,Scalability behavior depends on the cloud provider’s configuration,
SC,System scaling might affect database replication delays,
SC,The scalability level differs between backend and frontend systems,
SC,Application shows good scalability under read-heavy but not write-heavy workloads,
SC,Scalability results vary based on memory optimization efficiency,
SC,System is monolithic and cannot be scaled horizontally,
SC,Adding new nodes requires manual reconfiguration of the system,
SC,Application crashes when user count exceeds design limits,
SC,Database architecture does not support sharding or replication,
SC,System scaling requires full redeployment and downtime,
SC,There is no load balancing strategy in place,
SC,System performance deteriorates rapidly with data growth,
SC,No support for distributed or clustered environments,
SC,Auto-scaling is disabled and must be handled manually,
SC,System cannot scale storage independently from compute,
SC,Infrastructure lacks monitoring tools for scalability management,
SC,Application relies on hard-coded limits for user sessions,
SC,The system has no mechanism for scaling background jobs,
SC,Application servers fail under moderate concurrency,
SC,Scaling the system requires rewriting the entire codebase,
SC,"System lacks caching, causing scalability issues under load",
SC,Database becomes a bottleneck as the number of users increases,
SC,The platform cannot support distributed transaction processing,
SC,Scaling the system introduces inconsistent data states,
SC,System design prevents cloud-native scalability features from working properly,
A,The system must be available 9999% of the time,
A,The system does not need to be available 24/7 and can tolerate planned outages for maintenance,
A,System should ensure continuous operation with minimal downtime,
A,The application must remain operational 24/7,
A,High availability architecture must be implemented to avoid single points of failure,
A,System components should support automatic failover,
A,Downtime for maintenance should not exceed 5 minutes per month,
A,The system should recover automatically from hardware or network failures,
A,The platform must guarantee uninterrupted service during peak hours,
A,A backup server must be ready to take over immediately in case of failure,
A,Critical services should be replicated across multiple data centers,
A,Scheduled maintenance should not affect system availability,
A,The system should provide real-time monitoring and automatic recovery,
A,The infrastructure must support 24x7 uptime for global users,
A,System availability may depend on server load,
A,Availability can vary during maintenance windows,
A,The system may experience short downtimes during updates,
A,Availability depends on internet connectivity,
A,System uptime may fluctuate under heavy usage,
A,The platform provides high availability under normal conditions,
A,Some services may be temporarily unavailable during upgrades,
A,Availability may differ between primary and secondary regions,
A,The system may have reduced uptime during scheduled deployments,
A,Availability depends on external service reliability,
A,System is not required to be available 24/7,
A,The application can have downtime of several hours per week,
A,Temporary unavailability is acceptable during maintenance,
A,The system may be offline during non-business hours,
A,No redundancy or failover mechanisms are required,
A,Availability is not critical for internal tools,
A,System recovery after crash may take several hours,
A,Downtime during updates is acceptable,
A,Service interruptions are tolerable for non-critical operations,
A,System uptime of 90% is sufficient,
A,The prototype version may be offline intermittently,
A,Manual restart is required after a system failure,
A,The system must achieve an uptime of 99999% annually,
A,Automatic health checks should detect and restart failed services instantly,
A,Redundant network connections must be implemented to ensure constant availability,
A,The application should handle node failures without user impact,
A,Failover mechanisms must switch traffic within 30 seconds of a failure,
A,A distributed architecture should be used to guarantee fault tolerance,
A,Service-level agreements must guarantee near-zero downtime,
A,The infrastructure must automatically balance loads between servers for high availability,
A,Critical APIs must be hosted in multiple availability zones,
A,System must auto-recover from software crashes or unexpected shutdowns,
A,System monitoring should alert administrators of potential downtime immediately,
A,Application state should be preserved during failover to secondary systems,
A,Scheduled system updates must occur without service interruption,
A,Database replication must ensure zero data loss in case of node failure,
A,System recovery time objective (RTO) must not exceed 1 minute,
A,System must maintain high availability even during regional outages,
A,Application should employ clustering for redundancy and load balancing,
A,High-availability setup must be verified through continuous testing,
A,Backup instances should automatically synchronize with the active system,
A,Availability monitoring dashboards must update every 30 seconds,
A,System may experience degraded performance during backup operations,
A,Availability can depend on database synchronization speed,
A,Some modules may be temporarily unavailable during scaling operations,
A,Availability depends on third-party API uptime,
A,The system might require brief restarts after configuration changes,
A,Some non-critical features may be disabled during maintenance,
A,System uptime fluctuates based on cloud provider maintenance schedules,
A,Availability depends on network latency between data centers,
A,Partial outages may occur during system updates,
A,Failover speed may vary depending on system load,
A,Certain services might experience reduced uptime compared to core modules,
A,Availability monitoring tools might not cover all services equally,
A,Redundant servers may not always be synchronized in real time,
A,The system may take longer to recover under high load,
A,Automatic recovery may not be enabled for all environments,
A,System updates might cause intermittent service disruptions,
A,Availability varies with the hosting provider’s reliability,
A,"Maintenance schedules differ between regions, affecting uptime slightly",
A,Service degradation is acceptable under heavy data processing loads,
A,System restarts may be required to restore full availability after patches,
A,System does not have redundancy or backup servers,
A,Availability is not guaranteed during weekends or holidays,
A,System recovery can take up to several days after failure,
A,Manual intervention is needed after every system crash,
A,The platform can be taken offline for maintenance without notice,
A,There are no mechanisms for automatic failover,
A,The system can remain unavailable for hours after an update,
A,No backup or disaster recovery plan is implemented,
A,Uptime of 80% is considered acceptable for this system,
A,The system lacks monitoring for detecting downtime,
A,Failures require complete system restarts to recover,
A,The infrastructure does not support load balancing,
A,Single points of failure exist in the current system design,
A,The system may be unavailable during data migrations,
A,No SLA is defined for system uptime,
A,System availability is not monitored or reported,
A,There are no backup servers to handle downtime,
A,The application relies on manual recovery after hardware failure,
A,System does not support hot-swappable components,
A,Downtime during version upgrades is not minimized or controlled,
US,The system interface must be intuitive and easy to navigate,
US,Users should be able to complete key tasks with minimal training,
US,The application must provide clear feedback after every user action,
US,All UI elements should be consistent and accessible,
US,The system must support accessibility standards (WCAG 21),
US,Help and documentation should be available for all major functions,
US,The system must allow users to undo actions easily,
US,"Interfaces should have clear labels, icons, and tooltips",
US,Error messages must be descriptive and guide the user to a solution,
US,The system should support keyboard shortcuts for frequent operations,
US,User onboarding should be smooth with guided tutorials,
US,The interface must be responsive and mobile-friendly,
US,The layout must maintain clarity and simplicity across all screens,
US,User actions should require minimal clicks to achieve goals,
US,Some features require moderate user training,
US,The interface is user-friendly but lacks advanced accessibility features,
US,Certain functions may be difficult for first-time users,
US,Usability may vary depending on screen size or resolution,
US,Help documentation is available but not detailed,
US,Some feedback messages may be unclear,
US,Navigation structure is mostly intuitive but could be improved,
US,System provides partial support for keyboard accessibility,
US,Some screens are easy to use while others require technical knowledge,
US,UI consistency is maintained in most but not all sections,
US,System usability depends on user experience level,
US,Certain workflows take multiple steps to complete,
US,User assistance features are available but limited,
US,The system interface is difficult to understand for new users,
US,Users require extensive training to use the system effectively,
US,Error messages are vague and unhelpful,
US,The application lacks proper navigation menus,
US,There is no online help or user documentation,
US,Interface layout is inconsistent and confusing,
US,User feedback is not displayed after actions,
US,The system does not follow standard UI conventions,
US,Users must perform many steps for simple tasks,
US,The design is not responsive or mobile-friendly,
US,Accessibility for disabled users is not considered,
US,The interface contains too much clutter and unclear icons,
US,No undo or redo functionality is provided,
US,Users report frustration and confusion during normal operations,
US,Interface animations should be smooth without lag,
US,System should provide tooltips and contextual help on demand,
US,Feedback should be immediate for all interactive elements,
US,All forms must have inline validation to prevent errors,
US,Interface lacks support for multiple languages,
US,Important user notifications are not visible,
PO,"The system must run seamlessly on Windows, macOS, and Linux",
PO,The application should support both web and mobile platforms,
PO,The software must be easily deployable across multiple cloud providers,
PO,All modules should be platform-independent,
PO,The system must use cross-platform frameworks such as Java or NET Core,
PO,The software must support containerized deployment using Docker,
PO,The system should operate efficiently across different hardware configurations,
PO,The application must run smoothly on all major browsers,
PO,No OS-specific dependencies should exist,
PO,The codebase should follow standards to enable cross-platform builds,
PO,System configuration files must be independent of platform-specific paths,
PO,The application must support cloud and on-premise environments equally,
PO,The system should use platform-agnostic APIs,
PO,The system can be adapted to other platforms with minor changes,
PO,Some modules are portable while others are OS-dependent,
PO,The software supports Windows and Linux but not macOS,
PO,Mobile compatibility is limited to Android devices,
PO,The system can be deployed on cloud environments with some configuration effort,
PO,The application runs best on one operating system but can work on others with performance issues,
PO,Database layer is portable but UI components depend on platform libraries,
PO,Most scripts are portable except installation scripts,
PO,The system supports limited cross-browser functionality,
PO,The application can be compiled for multiple platforms with manual setup,
PO,Deployment process may vary across environments,
PO,Some dependencies restrict full portability,
PO,The system supports virtualization but not containerization,
PO,The system is designed to run only on Windows,
PO,The application relies on platform-specific APIs,
PO,No consideration was given for cross-platform deployment,
PO,The software cannot be easily moved to another operating system,
PO,System configuration is hardcoded for a single environment,
PO,The application depends on Windows Registry for configuration,
PO,No cloud support is planned for the current version,
PO,The software requires proprietary hardware to operate,
PO,Source code includes OS-specific paths and commands,
PO,The system cannot run on mobile or web platforms,
PO,Dependencies are not available outside the target platform,
PO,The system must be recompiled entirely for another OS,
PO,Migration to another environment would require a full redesign,
PO,System components should not rely on specific hardware features,
PO,Deployment scripts should work on multiple OS without changes,
PO,The system must allow portable updates without affecting existing environments,
PO,System logs and configuration files should be easily transferable,
PO,Application fails on unsupported platforms,
PO,Deployment requires manual changes for each OS,
PO,System cannot run in containerized environments,
